square_footage,bedrooms,distance_to_campus_km,wifi_included,furnished,parking_available,utilities_included,pet_friendly,laundry,property_type,monthly_rent
974,2,2.8,0,1,0,1,0,in_building,shared_house,1051.0
815,1,4.0,1,0,0,1,0,in_unit,apartment,1029.0
1011,2,6.7,1,1,1,1,0,in_unit,shared_house,1146.0
1230,1,0.2,1,0,1,0,0,in_building,shared_house,1079.0
791,3,0.4,1,1,1,0,1,in_unit,house,1468.0
791,4,5.4,0,1,1,1,1,none,house,1284.0
1244,1,1.5,1,1,1,1,0,none,apartment,1305.0
1041,4,2.1,1,1,1,1,0,in_building,shared_house,1462.0
732,2,2.7,1,0,0,1,0,in_building,apartment,1070.0
985,1,2.8,0,1,1,1,0,in_building,studio,980.0
734,1,6.7,1,1,0,1,0,none,studio,834.0
733,2,10.0,1,1,1,1,0,in_building,shared_house,1002.0
910,3,3.2,1,0,0,1,1,in_unit,studio,1122.0
371,3,0.8,1,1,1,0,0,none,studio,1113.0
418,1,5.3,0,1,0,1,0,none,apartment,634.0
709,1,0.2,1,1,0,1,1,in_building,apartment,1045.0
596,2,0.7,0,1,0,1,0,none,apartment,981.0
928,1,5.7,1,1,1,1,0,none,shared_house,996.0
622,1,0.7,1,1,1,1,1,in_building,studio,1028.0
496,1,0.6,1,1,1,0,1,in_building,studio,918.0
1216,3,0.4,1,1,1,1,1,none,studio,1470.0
793,4,4.9,1,0,1,0,0,in_building,house,1247.0
866,2,1.7,1,1,1,1,0,in_building,apartment,1262.0
493,4,2.8,0,1,1,1,1,in_unit,apartment,1348.0
713,2,0.7,0,0,0,0,0,none,apartment,980.0
877,2,3.5,1,0,0,0,1,none,studio,921.0
562,1,3.6,0,1,1,1,0,in_unit,apartment,875.0
943,2,0.9,1,0,1,1,0,none,studio,1121.0
699,4,1.3,1,1,1,0,1,none,studio,1264.0
777,2,0.6,1,0,1,1,0,none,house,1113.0
699,2,9.4,1,0,0,1,0,in_unit,apartment,868.0
1313,2,2.6,1,0,1,0,0,in_building,apartment,1196.0
846,1,6.8,1,0,1,1,0,in_building,apartment,798.0
585,3,0.9,1,1,1,1,0,in_building,studio,1141.0
1055,2,3.8,1,1,1,1,0,in_building,apartment,1237.0
544,2,3.6,0,0,1,1,0,none,shared_house,894.0
902,2,2.9,1,1,1,0,1,in_building,studio,1169.0
360,2,8.4,1,1,0,0,0,none,apartment,729.0
517,1,1.3,1,1,0,0,1,in_unit,studio,982.0
899,2,0.4,0,1,1,1,0,in_building,studio,1128.0
1034,1,2.8,0,1,1,1,0,in_unit,studio,1012.0
892,3,3.3,1,1,0,1,0,in_building,apartment,1148.0
821,3,2.1,1,1,1,1,1,in_building,apartment,1344.0
774,3,0.6,1,0,1,1,1,none,apartment,1311.0
480,2,1.8,1,1,1,1,1,in_building,apartment,1204.0
670,2,0.9,1,1,0,1,0,in_building,studio,1030.0
734,1,1.4,1,1,1,0,0,in_building,studio,966.0
1114,3,2.6,1,1,1,0,1,in_unit,shared_house,1449.0
935,1,3.4,0,1,1,1,1,in_unit,apartment,1076.0
409,2,0.7,1,0,1,1,1,in_building,apartment,939.0
931,1,1.3,1,1,0,1,0,in_building,studio,1038.0
753,1,0.8,1,1,1,1,1,none,apartment,1154.0
680,2,0.6,1,1,0,0,0,in_building,apartment,1047.0
1002,1,3.8,1,1,0,1,0,none,house,1045.0
1107,3,6.0,1,1,1,1,0,in_building,apartment,1255.0
1082,2,1.2,1,0,1,1,0,none,studio,1017.0
640,1,3.5,1,1,1,1,1,in_building,apartment,1065.0
772,2,5.7,0,1,0,1,1,in_building,studio,919.0
932,1,4.7,0,1,1,1,1,in_building,shared_house,1057.0
1093,1,0.5,1,0,1,1,0,none,apartment,1146.0
730,3,7.8,1,1,1,1,0,in_building,shared_house,1086.0
803,1,1.2,1,1,1,1,1,in_building,house,1171.0
573,3,1.0,1,1,1,0,0,in_building,shared_house,1216.0
550,1,0.2,1,1,1,0,1,in_building,apartment,1070.0
1053,1,1.7,1,1,0,0,0,in_building,studio,1012.0
1189,3,0.3,0,0,0,0,0,in_unit,house,1327.0
831,2,0.7,0,0,0,1,0,in_building,studio,936.0
1100,1,1.0,1,1,1,1,1,in_building,studio,1140.0
940,2,4.1,0,1,1,0,0,in_unit,house,1103.0
688,1,5.2,1,0,1,0,0,in_building,shared_house,774.0
940,3,0.9,1,0,0,0,1,in_unit,apartment,1208.0
1234,2,4.9,1,0,0,1,0,none,apartment,1035.0
841,3,4.9,0,1,0,1,1,in_building,studio,1107.0
1241,3,3.6,1,0,0,1,0,none,studio,1168.0
300,2,0.4,1,1,1,1,0,in_building,house,1096.0
1055,4,2.9,1,1,1,0,1,none,house,1476.0
871,2,7.3,1,0,1,1,0,in_building,shared_house,1014.0
775,4,2.9,0,1,1,0,0,in_building,studio,1251.0
872,1,1.0,1,0,1,1,0,in_building,apartment,980.0
353,2,1.7,1,1,1,1,0,none,apartment,1009.0
795,2,2.6,1,0,0,1,0,in_building,shared_house,1049.0
939,2,1.8,1,1,1,1,0,in_building,studio,1212.0
1219,2,0.3,1,1,1,1,1,in_unit,shared_house,1446.0
720,3,0.9,0,0,1,0,1,in_building,apartment,1074.0
647,1,4.1,1,0,0,0,0,in_building,studio,653.0
724,1,4.9,1,1,0,1,0,in_unit,studio,853.0
1078,3,0.4,1,0,0,1,0,in_building,apartment,1328.0
932,2,7.6,1,1,1,0,0,in_building,studio,1025.0
717,4,1.0,1,1,1,1,0,none,studio,1320.0
978,3,2.7,1,1,1,1,0,in_unit,house,1375.0
874,4,3.5,0,1,1,1,0,in_building,shared_house,1316.0
1092,3,4.2,1,1,0,1,0,none,shared_house,1313.0
674,1,7.3,1,1,1,1,0,in_building,shared_house,792.0
768,1,0.9,1,1,1,1,1,in_building,shared_house,1187.0
751,3,4.9,1,0,1,1,1,none,house,1158.0
484,2,0.4,1,0,1,1,0,in_building,apartment,1004.0
924,1,3.1,1,1,0,1,1,in_building,shared_house,988.0
915,2,3.4,1,1,0,1,0,none,house,1190.0
851,4,2.8,1,1,1,0,1,none,apartment,1386.0
791,2,0.7,1,0,1,0,0,in_building,house,1114.0
496,2,5.2,1,1,1,1,1,in_unit,apartment,1027.0
744,2,0.5,1,0,1,1,0,in_building,studio,1041.0
764,1,0.2,0,0,1,1,0,in_unit,apartment,950.0
649,2,3.2,1,1,1,0,0,in_unit,apartment,1077.0
809,2,1.6,1,0,1,0,0,in_building,shared_house,1005.0
951,1,4.7,0,1,1,1,0,none,studio,813.0
1321,3,1.2,1,1,0,0,0,none,studio,1449.0
893,2,0.5,1,1,1,0,1,in_building,studio,1126.0
914,3,4.5,1,1,1,1,0,in_building,shared_house,1273.0
831,3,2.0,1,0,1,0,0,in_unit,studio,1051.0
370,1,0.5,0,0,1,1,0,in_building,studio,635.0
843,2,3.2,1,1,1,1,1,in_unit,shared_house,1233.0
865,2,1.8,1,1,1,0,1,none,apartment,1197.0
1465,3,2.3,1,1,0,1,1,in_unit,shared_house,1601.0
801,1,1.5,1,0,1,1,0,none,house,1023.0
925,2,4.4,1,1,1,1,0,in_building,house,1195.0
841,2,4.4,1,1,1,1,0,in_building,apartment,1100.0
557,1,3.1,1,1,0,1,0,in_unit,house,1039.0
1135,1,0.3,1,1,0,1,0,in_building,studio,1170.0
1037,2,4.6,1,0,0,1,0,none,shared_house,959.0
1047,3,2.8,0,0,1,1,0,none,shared_house,1164.0
622,2,3.0,0,1,0,0,0,in_building,shared_house,904.0
1200,2,1.1,1,1,1,0,0,in_building,apartment,1291.0
499,2,5.3,1,0,0,0,1,in_building,shared_house,840.0
996,3,3.2,1,1,0,1,0,none,house,1350.0
1397,1,0.3,0,0,0,0,1,none,shared_house,1041.0
602,3,1.3,0,0,0,1,0,in_building,apartment,1029.0
708,1,5.4,1,0,1,1,0,in_building,house,943.0
874,2,0.2,1,0,1,0,0,in_building,shared_house,1142.0
724,1,8.1,1,1,1,1,1,in_building,shared_house,894.0
462,1,2.8,1,1,0,1,0,in_unit,studio,774.0
867,2,2.5,1,0,0,0,1,in_building,studio,984.0
584,1,0.8,1,0,1,1,0,none,apartment,952.0
968,3,0.7,1,1,1,1,0,in_building,studio,1224.0
620,1,7.1,1,0,0,1,1,in_unit,studio,725.0
1237,2,0.9,1,1,1,0,0,none,apartment,1287.0
654,2,3.7,1,0,1,1,1,in_building,apartment,1028.0
769,1,1.2,0,1,0,1,0,in_building,apartment,922.0
1053,1,0.4,1,0,1,1,0,in_building,studio,1040.0
542,2,0.2,1,0,0,0,1,in_building,apartment,1056.0
906,2,2.0,1,0,1,1,1,in_building,house,1187.0
1176,2,9.3,0,0,0,1,0,in_building,apartment,926.0
448,2,1.2,1,1,1,1,1,none,studio,1015.0
896,2,1.1,1,1,0,1,0,in_building,studio,1175.0
914,1,1.1,1,0,1,1,1,none,studio,997.0
1045,2,1.8,1,0,0,1,0,in_unit,house,1218.0
540,4,1.5,1,1,1,1,0,none,house,1374.0
519,2,5.3,1,1,1,1,0,in_building,apartment,1032.0
980,2,1.8,1,1,1,0,0,in_building,shared_house,1073.0
924,2,1.8,1,1,1,1,0,in_building,apartment,1186.0
912,3,0.4,1,1,1,1,0,in_building,apartment,1426.0
936,3,10.0,1,1,0,0,0,in_unit,studio,886.0
679,2,0.7,1,1,0,1,1,none,apartment,1143.0
908,4,0.2,1,1,1,0,0,in_unit,shared_house,1479.0
923,1,2.7,1,0,0,1,0,in_unit,apartment,945.0
671,1,2.3,1,0,1,1,0,in_building,studio,825.0
1316,3,1.3,1,0,0,0,1,none,apartment,1344.0
968,3,1.4,1,1,1,1,0,in_unit,apartment,1472.0
552,1,3.8,1,1,1,0,0,none,apartment,816.0
1014,1,0.5,1,1,1,1,0,none,shared_house,1134.0
606,1,4.3,1,0,1,1,0,in_building,shared_house,790.0
1046,1,2.6,1,1,0,1,0,in_building,house,1019.0
1139,3,1.4,0,1,1,0,0,none,shared_house,1283.0
644,2,1.5,1,0,0,0,0,in_building,studio,922.0
1090,2,0.7,1,1,1,1,0,in_building,shared_house,1366.0
953,2,3.5,1,1,1,1,0,none,shared_house,1129.0
1055,1,1.8,1,1,1,0,0,none,apartment,1039.0
1324,1,1.0,1,1,0,0,0,none,studio,1094.0
788,2,2.3,0,1,0,0,1,in_building,house,1104.0
661,4,10.0,1,1,0,1,1,in_building,apartment,1148.0
627,3,1.4,1,1,0,1,0,in_building,apartment,1240.0
646,1,6.3,1,1,0,0,0,in_building,shared_house,818.0
830,3,1.1,1,0,1,1,0,in_building,shared_house,1204.0
935,3,0.2,0,1,0,0,0,in_building,studio,1151.0
919,3,0.6,1,0,1,1,0,in_building,shared_house,1357.0
1056,2,1.4,1,1,1,1,0,none,shared_house,1259.0
853,2,0.6,1,1,1,1,1,none,apartment,1224.0
1213,2,0.2,0,1,0,1,1,none,apartment,1258.0
783,1,6.2,1,1,0,1,0,in_unit,apartment,886.0
1530,1,4.6,0,0,1,1,0,in_unit,apartment,1124.0
1006,1,3.4,1,1,0,1,1,none,apartment,1040.0
635,2,0.5,1,0,1,1,1,in_building,house,1169.0
582,3,0.3,1,0,0,0,1,in_building,shared_house,1072.0
970,2,0.2,1,1,1,1,0,in_unit,shared_house,1228.0
794,1,3.2,1,0,1,1,0,in_building,studio,886.0
1028,4,6.6,1,1,1,0,0,in_building,shared_house,1308.0
968,4,1.4,0,1,0,0,0,none,house,1360.0
831,3,0.3,1,1,0,1,0,none,shared_house,1262.0
638,4,1.8,1,1,1,0,0,in_building,house,1324.0
471,2,1.1,0,0,1,1,1,in_building,apartment,990.0
738,4,1.2,1,0,0,1,1,none,shared_house,1361.0
1064,1,2.4,1,1,0,1,0,in_building,apartment,1111.0
903,2,3.2,0,1,0,1,1,in_building,house,1159.0
538,1,0.3,0,1,1,1,0,none,apartment,925.0
893,1,0.2,1,1,0,1,1,none,studio,997.0
946,1,10.0,1,0,1,0,0,none,shared_house,735.0
629,2,0.7,1,1,1,1,0,in_building,apartment,1220.0
888,3,0.2,1,1,1,0,0,in_building,shared_house,1357.0
864,2,0.5,1,0,1,0,0,none,apartment,1079.0
564,1,0.2,0,0,1,1,0,in_unit,apartment,928.0
939,3,1.2,1,0,1,0,0,none,apartment,1253.0
990,2,4.1,1,0,0,1,1,in_unit,studio,1126.0
1120,2,1.0,1,1,1,0,0,none,apartment,1306.0
1113,2,1.5,1,0,1,0,0,in_building,studio,1097.0
505,1,2.8,1,0,1,0,0,in_unit,apartment,764.0
615,2,1.8,0,0,1,0,0,in_building,apartment,908.0
978,4,4.9,0,1,0,1,0,in_building,studio,1227.0
978,1,5.0,1,1,1,1,1,in_building,apartment,1124.0
978,2,0.2,1,0,0,1,0,in_building,apartment,1227.0
1813,3,3.8,1,0,1,1,0,none,apartment,1496.0
992,3,1.5,1,0,0,0,1,in_building,studio,1257.0
1133,1,10.0,1,1,1,1,0,in_building,studio,807.0
1088,1,1.7,1,0,0,0,0,in_unit,apartment,1029.0
1012,1,10.0,0,1,1,1,1,none,apartment,818.0
771,2,3.5,0,1,1,1,0,in_unit,house,1039.0
1039,2,0.7,1,1,0,1,0,in_building,apartment,1264.0
656,1,1.9,1,0,1,1,1,none,shared_house,867.0
790,4,10.0,1,1,1,1,0,in_building,studio,1119.0
728,2,4.9,1,1,1,1,0,in_building,studio,1019.0
870,1,0.3,1,0,0,1,1,in_building,apartment,1096.0
1428,2,3.1,1,1,1,0,0,none,studio,1169.0
383,2,1.1,1,0,1,1,0,in_building,shared_house,1002.0
1021,1,0.2,0,0,1,1,1,none,studio,986.0
446,1,1.3,1,0,1,1,1,none,studio,873.0
732,3,0.7,1,1,1,0,0,in_building,studio,1186.0
1122,2,4.3,0,1,0,1,0,none,studio,964.0
866,2,1.0,1,1,0,1,1,in_building,apartment,1188.0
580,2,4.4,1,0,0,1,1,in_building,studio,813.0
671,1,0.2,1,1,0,0,0,in_building,apartment,1000.0
1019,1,0.9,1,0,1,1,0,none,studio,1066.0
667,2,0.7,1,1,1,1,0,in_building,shared_house,1147.0
904,1,0.7,0,0,0,1,1,in_building,shared_house,974.0
861,1,0.2,1,0,1,1,1,in_building,house,1057.0
687,3,0.5,1,1,1,1,1,in_building,apartment,1374.0
1385,4,2.0,1,0,1,0,1,in_unit,apartment,1585.0
1008,3,0.9,1,1,1,0,0,in_building,studio,1231.0
343,3,1.4,1,1,1,1,0,in_building,shared_house,1149.0
896,1,1.2,1,1,0,1,1,in_building,studio,1090.0
684,4,5.2,1,1,0,0,1,in_building,apartment,1101.0
1063,1,5.9,1,1,0,1,0,in_building,shared_house,1045.0
651,4,1.7,1,0,1,1,0,none,shared_house,1273.0
821,4,1.0,1,1,0,1,1,none,house,1510.0
976,3,0.3,1,1,1,0,0,in_building,studio,1284.0
1066,4,7.7,1,0,0,0,0,in_unit,studio,1035.0
549,2,0.2,1,0,1,1,0,none,studio,1000.0
766,1,0.9,1,1,0,1,0,none,shared_house,1007.0
731,2,0.9,1,1,0,1,0,in_building,apartment,1160.0
686,2,1.0,1,1,0,1,1,in_unit,studio,1189.0
1291,1,0.4,1,0,1,1,0,in_unit,studio,1194.0
951,2,3.8,1,1,0,1,0,in_unit,shared_house,1245.0
534,4,0.3,0,0,1,1,0,in_unit,shared_house,1235.0
1079,1,2.5,1,1,0,1,1,none,shared_house,1082.0
1380,3,0.3,0,1,0,1,1,in_building,house,1506.0
1108,4,0.2,0,0,1,0,1,in_building,shared_house,1401.0
470,4,6.0,1,1,0,1,1,none,house,1250.0
728,4,0.5,1,1,1,0,0,none,house,1344.0
1166,2,4.3,1,1,1,1,0,none,apartment,1239.0
673,4,2.0,1,1,0,1,0,none,shared_house,1378.0
960,3,0.2,1,1,0,0,0,in_building,shared_house,1289.0
1043,1,7.8,1,1,0,1,1,none,apartment,1003.0
618,2,0.7,1,0,1,1,0,none,apartment,1077.0
835,3,4.9,1,0,1,1,1,in_unit,shared_house,1238.0
300,1,0.5,1,0,1,0,0,in_building,studio,684.0
593,2,4.8,0,1,1,1,0,in_building,shared_house,907.0
786,2,0.2,0,1,0,0,0,none,apartment,1040.0
538,1,1.8,1,0,1,0,0,in_building,apartment,765.0
1258,2,3.7,1,1,1,0,0,in_building,house,1267.0
492,3,6.8,0,1,1,0,0,in_unit,apartment,970.0
739,2,6.0,1,1,1,1,0,in_building,apartment,1139.0
882,1,4.3,1,1,1,1,0,in_unit,apartment,1088.0
1210,1,5.5,1,1,0,1,0,in_building,apartment,1097.0
491,2,0.6,1,0,1,1,0,none,apartment,1066.0
1140,4,0.8,1,0,1,0,0,in_building,shared_house,1372.0
852,1,0.9,1,1,0,1,0,in_building,apartment,1074.0
604,2,1.2,1,0,1,0,0,in_building,house,1135.0
965,1,1.2,1,0,0,1,0,in_unit,shared_house,1018.0
899,2,2.0,1,1,1,1,0,in_building,studio,1215.0
699,3,0.4,1,0,1,0,0,in_unit,studio,1176.0
867,3,2.9,0,1,0,1,0,in_building,studio,1050.0
753,1,0.5,1,0,1,0,0,in_unit,shared_house,973.0
878,2,0.9,1,1,1,1,0,in_unit,shared_house,1277.0
1015,1,1.7,1,0,1,0,1,in_building,studio,989.0
1246,2,4.0,1,0,0,1,0,in_building,shared_house,1092.0
540,2,3.4,0,1,0,0,0,in_unit,house,887.0
1383,1,2.6,1,1,0,1,1,in_building,apartment,1235.0
361,1,0.4,1,1,0,1,0,none,shared_house,880.0
812,2,2.0,1,1,1,1,1,none,house,1308.0
997,4,0.2,0,0,1,1,0,in_unit,shared_house,1475.0
920,4,1.2,1,1,1,1,0,in_building,apartment,1569.0
694,1,1.3,1,1,1,1,1,in_building,apartment,1143.0
797,3,0.2,0,1,1,0,0,in_unit,shared_house,1198.0
726,2,0.8,1,0,1,0,0,none,apartment,1012.0
702,2,7.8,1,1,1,1,0,none,shared_house,961.0
1062,3,7.7,0,1,1,1,0,none,shared_house,1092.0
939,4,1.1,0,0,1,1,0,none,shared_house,1322.0
676,4,0.2,0,1,0,0,0,none,studio,1203.0
1074,2,0.5,1,0,0,1,1,in_building,studio,1185.0
926,2,1.2,0,1,1,0,1,in_building,shared_house,1194.0
1053,3,7.4,1,1,1,1,0,none,studio,1116.0
1007,1,0.4,1,1,1,1,1,in_building,studio,1212.0
642,2,3.6,1,1,1,0,0,in_building,shared_house,985.0
709,2,0.3,0,0,0,1,0,in_building,studio,877.0
1036,2,9.9,1,1,1,0,1,none,shared_house,1010.0
1002,1,1.2,1,1,0,1,1,in_unit,apartment,1249.0
844,1,3.7,1,0,1,1,1,in_building,apartment,1006.0
879,4,1.0,1,1,1,1,0,none,house,1509.0
1169,1,2.5,0,1,0,1,0,none,apartment,1058.0
702,2,0.5,1,0,1,0,1,none,studio,1007.0
986,1,0.4,1,0,1,1,0,in_building,apartment,1042.0
799,1,7.0,1,0,0,1,0,in_unit,shared_house,734.0
795,1,6.2,1,1,1,1,0,none,apartment,929.0
1124,1,5.5,1,1,1,0,1,in_building,house,1102.0
1056,3,2.5,0,1,1,1,0,in_building,apartment,1315.0
1053,1,4.1,1,1,0,1,0,in_building,studio,1016.0
1176,4,0.2,1,1,0,1,0,in_building,apartment,1566.0
855,2,1.0,0,1,1,1,0,in_building,apartment,1195.0
1020,2,0.9,1,0,0,1,1,in_building,studio,1123.0
772,2,2.5,1,1,1,1,0,in_building,apartment,1257.0
931,2,1.1,1,1,0,1,0,none,apartment,1206.0
817,3,0.4,0,1,1,0,0,in_building,studio,1269.0
874,1,2.3,1,1,1,1,0,in_building,apartment,1113.0
998,2,4.2,1,1,0,1,0,in_building,house,1174.0
645,3,1.2,1,1,0,1,0,in_building,apartment,1199.0
1373,4,0.4,0,0,1,1,0,none,apartment,1424.0
598,3,0.5,1,1,1,1,0,in_unit,studio,1210.0
546,2,0.7,1,0,0,0,1,none,apartment,921.0
1139,3,0.9,1,1,1,1,1,in_building,shared_house,1509.0
1047,2,2.6,1,0,0,1,0,in_building,shared_house,1075.0
1006,2,2.3,0,0,1,1,0,in_unit,apartment,1122.0
1007,1,3.0,0,0,1,1,1,in_building,shared_house,1020.0
846,2,1.1,1,1,0,1,0,in_building,apartment,1189.0
625,1,4.3,1,0,1,0,0,in_building,apartment,883.0
868,2,0.6,1,1,0,1,1,in_building,apartment,1203.0
680,3,1.6,1,1,0,1,0,none,house,1243.0
1093,1,4.0,1,0,0,1,0,none,studio,858.0
813,1,0.5,1,0,1,1,0,in_building,apartment,1072.0
643,1,0.3,1,1,1,0,0,in_building,shared_house,895.0
769,4,5.4,1,1,1,0,1,in_building,studio,1172.0
953,2,1.0,1,1,0,1,0,none,apartment,1209.0
709,2,2.9,1,1,0,1,0,in_building,studio,1091.0
644,3,0.2,0,0,1,1,1,in_building,shared_house,1170.0
910,3,2.9,1,0,0,1,1,in_building,apartment,1161.0
911,2,0.9,1,0,1,1,0,in_building,apartment,1118.0
723,2,0.2,1,1,0,1,0,in_building,house,1282.0
732,3,2.4,1,1,1,0,0,in_unit,house,1256.0
908,2,0.7,1,1,0,1,1,none,house,1234.0
487,1,1.2,1,0,1,1,0,none,apartment,941.0
498,3,0.2,1,0,0,0,0,in_building,studio,1034.0
670,2,0.4,1,0,0,1,0,in_unit,studio,1070.0
796,1,0.9,0,1,0,1,0,in_building,studio,869.0
927,2,0.2,1,0,0,1,0,none,apartment,1060.0
1218,1,6.0,1,1,0,0,0,none,house,1012.0
1064,1,0.2,1,1,1,1,0,in_building,apartment,1241.0
810,3,1.7,0,1,1,0,0,in_unit,house,1269.0
845,1,0.3,0,1,1,0,0,in_building,shared_house,1053.0
599,2,0.9,1,1,1,1,0,in_building,house,1115.0
845,2,6.5,1,1,1,1,1,in_building,apartment,1159.0
777,1,0.4,0,1,1,1,1,none,house,1041.0
930,4,8.4,1,1,1,1,0,in_building,shared_house,1312.0
643,1,0.6,1,1,1,1,0,in_unit,studio,1006.0
979,2,3.4,1,1,1,1,0,none,house,1194.0
1233,2,2.0,1,1,0,1,0,in_unit,apartment,1304.0
822,1,5.4,1,1,0,1,0,none,house,881.0
950,1,2.0,1,1,1,1,0,in_building,studio,1064.0
1022,3,1.9,1,1,0,1,1,none,shared_house,1316.0
749,4,0.5,1,0,1,0,0,in_unit,studio,1303.0
906,1,0.5,1,0,1,1,0,in_unit,studio,1051.0
853,2,6.2,0,1,0,1,0,in_building,house,1069.0
874,3,1.0,1,1,0,1,1,in_building,apartment,1382.0
656,3,1.2,1,1,1,1,0,in_building,shared_house,1297.0
856,2,3.6,1,1,1,0,1,none,house,1225.0
974,2,1.0,1,1,0,1,0,none,shared_house,1173.0
1212,2,7.6,1,1,1,1,1,in_building,house,1179.0
1089,3,3.3,0,0,1,0,1,in_unit,apartment,1221.0
1388,3,2.3,1,1,0,1,1,none,studio,1353.0
658,1,5.3,1,1,0,1,0,none,apartment,972.0
1068,2,0.2,1,0,1,1,0,in_building,apartment,1313.0
895,4,0.7,0,1,0,1,0,none,apartment,1460.0
1397,3,1.6,1,1,1,1,1,in_unit,studio,1544.0
647,4,0.6,1,0,1,1,0,in_building,house,1383.0
640,3,3.4,1,0,1,1,0,in_unit,apartment,1131.0
700,2,6.3,1,1,1,1,0,none,studio,986.0
319,2,1.4,1,1,1,1,0,in_building,house,1025.0
718,2,1.0,0,0,0,1,0,in_building,shared_house,837.0
660,1,8.1,1,0,0,1,0,in_unit,house,722.0
887,2,1.5,0,1,1,1,0,in_unit,studio,1060.0
935,3,1.7,1,1,1,1,0,in_unit,apartment,1473.0
1319,1,1.1,1,1,0,1,1,in_building,studio,1290.0
1087,3,6.0,1,0,1,1,1,in_building,studio,1107.0
705,2,2.1,1,1,0,0,1,in_building,shared_house,1132.0
625,4,3.6,1,1,0,0,0,none,apartment,1244.0
972,1,4.2,1,0,0,0,1,in_building,house,864.0
519,1,1.0,1,1,1,0,0,none,studio,844.0
1307,2,1.4,1,1,1,1,0,in_unit,apartment,1399.0
1144,1,4.7,1,1,0,0,0,in_building,house,1073.0
732,3,1.1,0,1,0,1,0,in_building,shared_house,1118.0
421,3,3.9,1,0,0,0,0,in_unit,house,976.0
1188,1,7.1,1,1,1,1,1,in_unit,shared_house,1082.0
821,2,2.4,0,1,0,1,0,none,apartment,1067.0
1159,2,3.4,1,1,1,0,0,none,studio,1124.0
451,2,4.1,1,0,0,1,0,in_unit,studio,801.0
700,4,4.7,0,1,1,0,0,in_building,house,1204.0
851,3,1.3,1,0,0,1,0,none,shared_house,1260.0
861,2,0.2,1,1,1,1,0,in_unit,apartment,1287.0
737,3,1.3,1,0,0,1,1,in_building,shared_house,1142.0
1005,2,2.8,0,1,0,0,0,none,studio,994.0
583,4,1.5,1,0,1,1,0,none,apartment,1253.0
814,2,3.5,1,0,1,1,1,in_building,shared_house,1016.0
880,3,1.1,1,1,1,1,1,in_unit,house,1575.0
978,3,2.5,1,1,1,1,1,in_building,shared_house,1371.0
1027,1,0.5,1,1,1,1,0,none,apartment,1167.0
568,3,3.5,1,1,1,1,0,none,shared_house,1161.0
466,1,2.0,1,0,0,0,0,in_building,studio,761.0
1169,2,0.6,1,1,1,0,1,none,apartment,1256.0
933,2,0.9,1,1,1,1,1,none,studio,1242.0
662,4,3.5,1,0,0,0,0,in_building,apartment,1231.0
1237,3,1.6,1,1,1,0,0,none,house,1441.0
878,3,0.6,0,1,0,0,1,in_building,apartment,1184.0
1144,3,8.5,1,1,0,1,0,in_building,apartment,1168.0
866,2,3.1,1,1,1,1,0,in_building,apartment,1199.0
1365,4,7.9,1,1,1,1,0,none,house,1531.0
1288,2,1.4,1,0,0,0,0,in_building,house,1194.0
787,2,1.6,0,0,0,1,1,in_building,house,1085.0
1092,1,5.7,1,1,1,1,0,none,apartment,987.0
1011,3,1.9,0,0,0,1,0,in_building,studio,1032.0
1192,3,3.1,1,0,1,1,0,none,studio,1212.0
608,2,0.7,1,1,1,1,0,in_unit,apartment,1267.0
1021,1,1.5,1,1,1,1,0,in_building,shared_house,1155.0
1114,3,0.3,1,0,1,0,0,in_building,studio,1264.0
410,1,0.6,1,1,1,0,0,none,studio,848.0
554,3,0.2,1,1,1,0,0,in_unit,apartment,1308.0
340,4,0.2,0,0,1,1,1,in_building,apartment,1166.0
782,2,9.5,0,1,1,0,0,none,shared_house,820.0
1029,1,0.7,1,1,1,1,0,in_building,shared_house,1142.0
1225,3,2.7,1,1,1,0,1,none,apartment,1497.0
868,3,4.6,1,1,0,1,0,none,apartment,1160.0
1257,2,2.0,1,0,0,1,1,in_building,studio,1140.0
504,4,0.4,1,1,0,1,0,in_unit,studio,1319.0
424,1,3.3,1,1,0,1,1,in_building,shared_house,883.0
836,2,2.3,1,1,0,0,1,in_building,apartment,1148.0
946,3,3.3,0,1,1,1,0,none,house,1272.0
841,3,3.7,0,1,1,0,1,none,apartment,1114.0
333,1,9.3,1,0,1,1,1,in_unit,apartment,740.0
827,3,2.1,1,0,1,1,0,in_building,apartment,1267.0
523,2,1.0,1,0,1,0,0,in_building,shared_house,1014.0
1017,2,2.6,0,1,1,0,0,in_unit,house,1154.0
941,1,0.2,1,0,1,1,1,in_building,shared_house,1122.0
615,3,5.7,1,1,0,1,0,in_building,apartment,1103.0
721,1,0.3,1,0,1,1,0,in_building,apartment,1054.0
585,2,1.0,1,1,1,1,0,in_building,apartment,1207.0
834,1,4.2,1,0,0,1,0,none,apartment,865.0
1088,3,2.3,1,1,1,0,0,in_unit,shared_house,1293.0
603,2,1.3,0,1,1,1,0,none,apartment,1132.0
976,3,1.6,0,1,0,0,1,in_building,apartment,1269.0
717,1,4.8,1,1,1,1,0,none,apartment,920.0
651,2,1.0,1,1,0,1,0,in_building,apartment,1146.0
823,2,5.1,1,1,0,0,0,none,studio,847.0
591,3,0.2,1,0,1,1,0,none,house,1258.0
711,4,3.7,1,0,1,1,0,in_building,studio,1122.0
550,1,4.7,0,1,1,1,0,in_building,studio,752.0
1341,2,0.5,1,1,1,0,0,none,apartment,1365.0
858,1,1.4,1,1,0,0,0,none,apartment,1035.0
675,2,0.5,1,0,1,1,0,none,studio,1016.0
903,1,3.1,1,1,1,1,0,none,studio,1022.0
821,2,1.9,1,0,1,1,1,in_building,apartment,1149.0
794,2,2.5,0,0,0,0,0,in_unit,apartment,921.0
1003,2,0.5,1,0,1,1,1,in_building,apartment,1260.0
1039,2,0.6,1,0,1,1,1,none,apartment,1237.0
717,3,0.2,1,0,1,1,0,in_building,apartment,1169.0
706,2,1.0,0,1,1,1,1,in_unit,apartment,1153.0
781,1,2.1,1,0,0,1,0,none,house,941.0
300,3,4.9,1,1,1,1,0,none,apartment,1027.0
471,1,2.7,1,0,1,1,0,in_building,apartment,837.0
1191,2,1.4,1,1,0,1,1,in_building,shared_house,1310.0
1261,2,7.7,1,1,1,1,0,in_building,studio,1081.0
787,2,3.2,1,0,1,1,1,in_unit,shared_house,1087.0
994,1,6.7,1,1,1,1,0,none,apartment,973.0
927,2,1.9,1,1,1,0,1,in_building,studio,1158.0
1619,4,0.7,0,1,0,0,0,none,apartment,1573.0
1129,2,0.2,1,0,1,0,0,none,studio,1111.0
818,2,3.2,1,1,1,0,0,in_building,apartment,1064.0
611,2,0.3,0,1,0,0,0,in_building,apartment,932.0
448,1,0.9,1,0,0,1,0,in_building,shared_house,937.0
900,2,1.9,1,1,0,1,1,in_building,studio,1107.0
660,3,2.1,1,1,1,1,0,in_building,shared_house,1225.0
494,1,2.3,1,1,1,0,1,none,apartment,947.0
688,1,0.5,1,1,1,0,0,in_building,apartment,1042.0
579,1,1.2,1,1,1,1,1,none,house,1100.0
1271,2,2.4,1,0,1,1,0,in_unit,studio,1193.0
1070,4,8.8,1,1,0,1,0,in_unit,studio,1251.0
848,1,3.3,1,1,1,1,1,none,shared_house,1061.0
1219,2,6.4,1,0,1,1,0,in_building,apartment,1101.0
869,1,3.6,1,0,1,1,0,in_building,studio,897.0
634,4,2.2,1,0,1,1,0,in_building,apartment,1323.0
1230,1,0.5,1,1,1,1,0,in_building,apartment,1275.0
984,2,2.7,0,0,1,1,0,none,house,1073.0
590,3,2.4,1,1,0,1,1,in_unit,house,1333.0
802,3,2.3,1,0,1,1,0,in_building,apartment,1255.0
631,2,1.7,1,1,0,0,0,in_building,apartment,1111.0
504,2,1.9,0,1,0,1,0,none,house,900.0
1081,2,1.0,1,1,1,1,0,in_building,house,1399.0
1327,1,1.8,1,1,0,1,0,in_unit,apartment,1278.0
500,1,0.6,1,1,0,1,1,in_building,apartment,967.0
990,2,4.1,1,1,0,1,1,in_unit,apartment,1235.0
687,1,0.5,1,0,1,1,0,in_building,shared_house,1013.0
728,1,0.2,1,0,1,1,1,in_unit,shared_house,1021.0
701,2,1.4,1,1,1,0,0,in_building,house,1173.0
634,4,2.7,0,1,0,1,1,in_unit,shared_house,1320.0
862,2,1.4,1,1,1,0,0,in_building,studio,1062.0
642,1,0.8,1,0,1,0,0,none,apartment,874.0
917,1,2.0,1,0,0,1,0,none,apartment,964.0
837,4,1.1,1,0,1,0,0,in_unit,shared_house,1294.0
790,1,6.8,1,1,1,1,0,in_building,studio,823.0
623,1,6.4,1,1,0,0,0,in_building,shared_house,750.0
705,2,1.7,1,1,1,0,0,none,shared_house,1112.0
1038,2,1.0,1,1,1,1,0,in_unit,house,1402.0
975,2,3.3,0,1,0,1,0,none,apartment,1033.0
605,1,0.2,1,1,0,1,0,in_building,apartment,1045.0
874,1,1.6,0,0,0,1,0,in_building,apartment,850.0
1037,4,1.0,1,1,0,1,0,none,apartment,1410.0
432,1,6.3,0,0,1,1,0,none,house,636.0
985,2,0.2,0,0,1,1,1,none,apartment,1209.0
684,3,2.0,1,1,0,1,1,in_building,apartment,1299.0
992,2,3.4,1,1,1,1,0,in_building,house,1255.0
659,2,1.7,1,1,0,0,0,in_building,apartment,1031.0
398,1,0.2,0,1,0,1,0,in_building,house,876.0
443,2,9.0,1,1,0,1,1,in_building,house,890.0
862,3,1.8,0,1,1,1,0,in_building,studio,1150.0
914,4,2.4,1,1,1,1,0,in_unit,shared_house,1462.0
623,1,0.7,1,1,0,1,0,in_building,apartment,997.0
1009,1,1.7,1,1,0,1,0,none,apartment,1031.0
434,4,1.4,1,0,1,1,0,none,shared_house,1152.0
833,3,0.2,1,0,1,0,0,in_building,house,1274.0
547,3,0.3,1,1,0,0,0,in_building,studio,1103.0
687,1,4.5,1,0,0,1,0,in_unit,apartment,832.0
861,2,0.7,1,1,1,1,0,none,shared_house,1179.0
634,3,0.5,1,0,1,0,0,in_building,shared_house,1198.0
753,2,1.8,0,0,0,0,0,none,studio,772.0
1101,2,3.7,1,1,1,1,1,none,apartment,1286.0
705,1,0.2,1,1,1,1,0,in_building,shared_house,1059.0
1058,2,2.1,1,0,1,1,0,in_building,studio,1119.0
567,1,0.3,0,1,1,1,0,none,studio,900.0
982,2,0.2,0,1,1,0,0,in_unit,apartment,1146.0
1210,4,0.2,1,0,1,1,0,in_building,studio,1467.0
300,2,4.5,1,1,0,0,0,none,apartment,874.0
650,3,0.3,0,1,0,0,0,in_building,apartment,1208.0
994,1,0.2,1,1,1,1,0,none,studio,1106.0
799,2,1.4,1,1,0,1,0,none,apartment,1150.0
942,4,4.6,1,0,1,0,0,none,studio,1261.0
699,1,0.8,0,0,1,0,0,in_building,studio,822.0
871,1,1.4,1,1,1,1,0,in_building,apartment,1095.0
811,2,0.2,1,1,1,1,0,in_unit,studio,1190.0
1141,1,1.5,0,1,0,0,0,none,shared_house,1027.0
913,3,2.2,1,1,1,1,0,none,apartment,1288.0
934,4,2.1,1,0,1,0,0,in_building,studio,1303.0
747,2,1.0,1,1,0,1,0,in_building,apartment,1176.0
728,1,0.9,1,0,1,1,1,in_unit,house,1111.0
741,2,0.3,0,0,0,1,1,none,apartment,1009.0
948,3,1.1,0,0,1,1,0,none,apartment,1170.0
744,1,0.3,1,1,1,1,0,none,apartment,1157.0
922,2,3.6,1,0,0,1,0,none,shared_house,994.0
1368,2,8.5,1,1,1,0,0,none,studio,1035.0
1067,2,8.8,1,1,1,0,1,none,house,1076.0
768,1,5.0,1,1,0,1,1,in_building,apartment,977.0
1150,3,2.3,1,1,0,0,1,in_building,house,1347.0
747,1,3.0,0,1,1,1,0,none,apartment,906.0
340,1,0.8,1,0,1,1,0,in_building,apartment,827.0
597,3,2.5,1,1,1,1,1,in_building,house,1342.0
382,3,1.5,1,1,1,1,0,in_unit,apartment,1179.0
762,1,1.6,0,1,1,1,1,in_building,apartment,960.0
854,1,3.5,1,1,1,1,0,in_building,studio,895.0
1269,1,0.8,1,1,1,0,0,in_building,shared_house,1134.0
931,1,1.0,1,1,1,1,0,in_building,apartment,1217.0
795,1,6.5,0,1,0,0,0,in_building,apartment,754.0
1057,1,0.2,1,1,0,0,0,in_unit,apartment,1167.0
300,2,1.7,1,1,1,1,0,none,shared_house,1018.0
908,3,6.1,1,1,0,0,0,in_building,shared_house,1107.0
1042,2,2.4,1,1,1,0,0,in_building,studio,1139.0
480,2,2.0,0,1,1,0,0,in_unit,shared_house,1005.0
1135,1,0.7,1,1,0,1,0,in_building,house,1223.0
934,4,1.1,1,1,1,1,1,in_building,shared_house,1597.0
746,3,4.8,1,1,1,0,0,none,apartment,1165.0
1008,3,2.0,1,0,1,1,0,none,apartment,1245.0
1417,3,1.8,1,1,0,0,1,in_building,studio,1380.0
895,4,0.3,1,1,0,1,1,in_building,apartment,1482.0
912,2,0.2,0,0,1,1,0,in_building,studio,1098.0
735,1,8.3,1,1,1,1,1,none,apartment,870.0
637,2,1.2,1,1,0,1,0,none,studio,991.0
1057,3,2.3,1,1,0,1,0,in_building,apartment,1365.0
635,3,0.2,1,0,1,0,0,in_building,apartment,1152.0
867,2,2.9,1,1,1,1,0,none,shared_house,1170.0
730,1,6.7,0,1,1,0,1,none,shared_house,860.0
969,2,2.1,1,1,1,1,1,in_building,shared_house,1317.0
933,4,0.3,0,0,1,0,1,none,studio,1249.0
1109,2,2.2,1,1,0,1,1,in_building,studio,1159.0
722,2,3.6,1,1,1,0,0,in_building,studio,972.0
782,1,1.3,1,1,0,0,0,none,apartment,997.0
605,2,5.3,1,1,1,1,1,in_building,apartment,1020.0
738,3,2.6,1,1,1,1,1,none,apartment,1397.0
944,2,5.7,1,1,0,1,1,in_building,shared_house,1110.0
1039,3,2.4,1,1,1,1,1,in_building,apartment,1434.0
619,2,0.4,1,1,1,1,0,in_unit,shared_house,1165.0
1067,2,0.9,1,1,0,0,1,in_building,house,1309.0
1188,1,0.6,0,1,1,0,1,in_building,studio,1036.0
953,3,6.0,1,0,0,0,1,none,apartment,1161.0
1319,2,3.6,1,1,1,1,0,in_building,apartment,1393.0
656,2,2.8,1,0,1,0,0,none,shared_house,970.0
538,2,0.9,1,0,0,0,0,in_building,apartment,869.0
405,4,0.5,1,1,1,0,0,none,apartment,1276.0
1224,1,3.5,1,1,0,0,0,in_building,apartment,1128.0
1013,3,1.6,1,1,1,1,0,in_building,apartment,1433.0
836,1,0.6,1,1,1,0,0,in_building,apartment,1030.0
919,2,2.4,1,1,0,1,0,in_building,studio,1080.0
568,1,0.2,1,1,0,1,0,in_building,house,1012.0
1461,2,1.0,1,1,1,1,0,in_building,studio,1364.0
882,2,1.6,1,1,1,0,0,none,apartment,1229.0
877,1,0.4,1,1,0,1,0,none,shared_house,979.0
1031,2,10.0,0,1,1,0,0,none,studio,840.0
970,4,0.6,1,1,0,1,0,in_building,apartment,1433.0
905,1,0.3,1,0,0,0,0,none,apartment,894.0
652,3,0.6,1,0,1,1,0,none,apartment,1100.0
967,2,3.7,1,0,0,1,1,in_building,studio,1003.0
1320,2,1.4,1,0,1,1,0,in_building,studio,1298.0
1186,1,2.1,1,1,1,1,0,in_building,shared_house,1204.0
1248,1,0.2,1,0,1,1,1,in_unit,apartment,1207.0
722,1,0.2,1,0,1,1,0,in_unit,house,1112.0
602,1,1.5,0,0,1,0,1,in_unit,apartment,911.0
818,1,4.2,1,0,1,1,1,none,apartment,945.0
863,2,5.4,1,0,1,1,0,in_building,house,1142.0
1123,3,0.2,1,1,1,1,0,in_building,apartment,1524.0
426,3,1.9,1,1,1,0,0,none,studio,1073.0
1232,2,6.1,1,0,0,1,0,none,house,1052.0
810,1,1.2,1,1,1,0,0,none,shared_house,1036.0
743,1,4.4,1,1,1,0,0,in_building,apartment,938.0
596,2,0.4,1,0,1,0,1,in_building,shared_house,1060.0
436,1,6.8,1,1,1,0,0,in_building,shared_house,698.0
1055,2,3.5,1,1,1,1,0,in_building,shared_house,1230.0
868,2,7.1,1,1,1,1,0,in_building,studio,964.0
527,2,2.8,1,1,0,0,0,in_building,shared_house,854.0
526,2,1.1,1,0,1,1,0,none,studio,986.0
766,3,7.0,1,1,0,1,0,in_unit,apartment,1070.0
1267,3,0.8,1,1,1,1,0,in_unit,studio,1484.0
785,2,1.0,1,1,1,1,1,in_unit,studio,1240.0
474,4,3.0,1,0,0,1,0,none,shared_house,1121.0
788,4,3.6,1,1,0,0,0,in_building,house,1295.0
781,2,6.6,0,1,1,1,0,in_building,apartment,988.0
300,2,0.6,1,1,0,1,0,in_unit,studio,998.0
836,2,4.0,1,0,0,1,0,in_building,shared_house,1016.0
792,4,3.4,0,1,1,1,1,in_unit,apartment,1463.0
1024,3,0.2,1,1,0,1,1,in_building,apartment,1453.0
1312,1,1.2,1,1,1,1,0,in_unit,house,1346.0
1131,2,0.8,1,1,1,0,0,none,apartment,1231.0
782,2,0.9,1,1,0,0,0,in_building,apartment,1136.0
573,2,10.0,0,1,0,1,0,none,apartment,761.0
1493,1,2.6,1,1,1,1,0,in_building,shared_house,1276.0
864,3,3.2,0,1,1,1,0,in_building,apartment,1251.0
853,2,9.4,1,1,1,1,0,in_unit,house,1043.0
843,3,1.2,0,0,1,1,0,in_building,studio,1139.0
899,3,4.0,1,1,1,1,1,in_building,shared_house,1356.0
813,3,1.4,1,1,0,1,1,in_building,shared_house,1353.0
706,2,5.1,1,1,0,0,0,none,house,979.0
713,2,0.5,1,1,0,1,0,none,shared_house,1078.0
841,1,7.4,1,1,0,1,1,none,apartment,875.0
714,2,0.6,0,1,1,0,0,in_unit,studio,1059.0
671,1,1.0,1,0,1,0,1,in_building,studio,985.0
876,2,3.5,1,1,0,1,0,in_unit,apartment,1146.0
786,1,1.3,0,0,1,0,0,in_building,house,907.0
1225,1,2.3,1,0,0,1,0,in_building,apartment,1045.0
300,1,1.5,1,1,1,1,1,in_unit,shared_house,926.0
1122,1,3.4,1,1,1,1,0,none,apartment,1100.0
1161,3,0.6,1,1,1,1,0,in_building,studio,1325.0
331,3,0.2,1,0,1,1,0,in_building,apartment,1171.0
764,2,0.9,1,0,0,1,1,in_unit,apartment,1040.0
757,1,1.6,1,1,1,1,1,in_building,shared_house,1085.0
498,1,0.5,0,1,1,1,1,none,studio,836.0
655,1,1.1,1,0,1,1,1,in_building,shared_house,936.0
572,1,1.3,1,1,1,1,0,none,apartment,1063.0
1288,3,0.2,1,1,1,0,0,in_unit,apartment,1524.0
1083,1,2.2,1,1,1,1,0,in_building,house,1160.0
1167,2,5.4,0,1,1,1,0,none,house,1130.0
1030,1,0.4,1,1,0,0,1,in_building,apartment,1104.0
567,1,2.3,1,1,1,0,1,in_unit,studio,927.0
718,2,2.7,0,1,1,0,0,in_building,apartment,1018.0
972,2,1.4,1,0,1,1,0,in_building,apartment,1264.0
544,1,3.0,0,1,0,1,1,none,apartment,764.0
1028,1,1.3,1,1,1,0,0,none,studio,1029.0
789,2,1.8,1,1,0,1,0,none,studio,1048.0
756,1,0.2,1,1,1,1,0,in_building,house,1191.0
1027,1,2.9,1,0,1,0,0,in_building,house,1018.0
961,4,2.7,1,0,1,1,0,in_building,apartment,1402.0
759,2,0.2,1,1,1,1,0,none,shared_house,1215.0
1139,2,1.1,1,1,0,1,0,none,shared_house,1214.0
579,2,9.7,1,0,0,0,1,in_unit,studio,736.0
1003,2,1.4,1,1,1,0,0,in_building,apartment,1265.0
998,2,1.7,0,1,0,0,0,in_building,house,1159.0
772,2,6.0,1,1,1,1,1,in_building,studio,1097.0
931,3,3.2,1,1,0,1,0,in_building,shared_house,1279.0
537,1,2.2,0,1,1,1,0,in_building,shared_house,949.0
1081,2,4.0,1,1,1,1,1,in_unit,shared_house,1305.0
803,2,5.0,1,1,0,0,0,none,apartment,971.0
719,3,1.5,0,0,0,1,1,none,shared_house,1076.0
1112,2,1.6,1,0,1,1,0,none,studio,1130.0
673,2,1.2,1,0,1,1,0,in_unit,shared_house,1066.0
497,1,8.5,1,1,1,1,0,in_building,house,882.0
460,2,3.0,1,0,1,1,0,in_building,apartment,964.0
1001,1,0.2,1,0,1,0,1,in_building,house,1119.0
529,2,5.0,1,1,0,0,0,in_building,apartment,923.0
1288,1,1.6,1,0,1,0,1,none,apartment,1257.0
329,2,0.2,0,0,0,0,1,in_unit,shared_house,798.0
1274,1,2.0,0,0,0,1,0,none,apartment,958.0
902,2,1.3,1,1,1,0,1,none,apartment,1155.0
825,3,5.3,1,0,0,0,0,none,apartment,989.0
713,1,0.6,1,1,0,1,0,none,house,1063.0
949,2,4.4,0,1,0,1,1,in_building,shared_house,1049.0
840,2,2.0,1,1,1,1,0,none,apartment,1170.0
1125,1,0.2,0,1,1,1,0,in_building,apartment,1174.0
878,3,8.9,1,1,1,1,0,none,shared_house,1078.0
887,1,1.8,0,0,1,1,0,in_unit,shared_house,960.0
759,2,0.9,0,0,1,0,0,in_building,apartment,1029.0
835,2,1.6,1,0,0,1,0,in_building,studio,1035.0
926,2,4.9,1,0,1,1,0,in_building,studio,1027.0
422,2,0.9,1,0,0,1,0,in_building,studio,930.0
512,1,0.5,1,0,0,0,0,in_building,house,857.0
1035,1,0.3,1,1,0,1,0,none,shared_house,1116.0
892,3,0.9,1,1,1,0,0,in_building,apartment,1290.0
804,2,3.8,0,1,0,1,1,in_building,apartment,1040.0
854,3,1.6,1,1,0,1,0,in_building,apartment,1277.0
936,3,0.6,1,0,0,1,0,in_building,house,1323.0
715,3,0.5,1,0,0,1,0,in_building,shared_house,1181.0
655,2,1.0,0,1,1,1,0,none,studio,1041.0
898,2,7.0,1,0,1,1,0,in_unit,apartment,962.0
605,3,1.1,1,0,1,1,1,in_building,house,1313.0
952,2,10.0,1,1,0,1,1,in_building,house,1014.0
424,1,1.7,0,1,0,0,1,in_building,shared_house,738.0
1107,3,0.5,0,1,1,1,1,in_building,studio,1343.0
968,3,5.5,1,0,0,0,0,none,studio,1086.0
914,2,1.5,1,1,1,1,0,in_building,studio,1167.0
1095,1,3.1,1,1,0,1,1,in_building,studio,1056.0
1266,2,10.0,1,1,1,1,0,in_building,studio,1044.0
1103,3,0.2,1,1,0,1,1,in_building,apartment,1463.0
389,4,0.3,1,1,1,0,1,none,shared_house,1252.0
530,1,3.2,1,0,1,0,1,in_building,studio,766.0
693,1,0.8,1,1,1,1,0,in_building,studio,1057.0
856,3,0.5,0,1,0,0,1,none,shared_house,1209.0
979,2,0.2,0,1,1,1,0,in_building,shared_house,1167.0
668,2,0.2,1,1,1,0,0,none,shared_house,1092.0
896,4,3.7,0,1,0,1,0,in_building,shared_house,1248.0
661,1,0.4,1,1,0,0,1,in_building,apartment,1012.0
697,2,1.6,0,1,1,1,1,none,house,1206.0
498,1,2.3,1,1,0,1,0,none,studio,819.0
619,2,1.4,1,1,1,1,0,in_building,apartment,1151.0
512,3,0.2,1,0,0,0,0,none,shared_house,1103.0
606,2,3.8,0,0,1,1,1,in_building,studio,908.0
1113,4,0.2,1,1,0,0,0,in_building,studio,1449.0
612,2,3.6,1,1,1,1,0,in_unit,shared_house,1184.0
1508,2,5.6,1,1,0,1,0,in_unit,apartment,1342.0
973,1,1.4,0,1,0,1,0,none,studio,849.0
896,2,1.9,1,0,0,1,0,in_unit,studio,1084.0
635,2,1.6,1,0,1,1,0,in_unit,apartment,1013.0
1025,1,1.2,1,1,0,1,1,none,apartment,1173.0
706,2,5.5,1,0,1,1,1,in_unit,shared_house,935.0
880,2,5.6,0,1,0,1,0,in_building,studio,899.0
1490,3,1.0,1,0,0,1,1,in_building,shared_house,1445.0
825,2,2.4,1,0,1,1,0,in_building,house,1092.0
1137,3,6.5,1,1,1,0,0,none,apartment,1207.0
674,1,8.2,1,1,1,1,0,in_building,apartment,896.0
841,1,1.8,0,1,1,1,0,in_building,apartment,988.0
1292,2,1.5,1,0,1,0,1,none,shared_house,1252.0
693,2,0.8,0,1,1,0,0,in_building,apartment,1015.0
1303,1,8.0,1,1,1,1,0,in_building,shared_house,1048.0
1026,3,0.4,1,1,0,1,1,none,shared_house,1412.0
709,3,2.2,1,1,1,1,0,in_building,shared_house,1217.0
1008,2,0.8,1,0,1,1,1,in_building,house,1220.0
1093,1,0.8,1,1,1,1,1,in_unit,shared_house,1291.0
1005,3,1.3,1,1,0,1,0,in_building,apartment,1413.0
457,2,10.0,1,1,0,1,1,in_unit,apartment,856.0
668,3,0.2,0,0,1,1,0,in_building,apartment,1127.0
788,3,2.2,0,1,0,0,0,none,shared_house,1087.0
831,3,0.2,1,1,1,1,0,in_building,apartment,1387.0
1005,2,0.4,1,0,0,0,0,in_building,house,1151.0
894,1,1.4,0,0,1,1,1,none,apartment,857.0
516,2,1.8,1,1,0,1,0,in_building,apartment,1008.0
945,2,0.7,1,1,1,0,0,none,apartment,1172.0
1002,3,1.0,1,1,0,1,1,in_building,shared_house,1397.0
989,1,0.2,1,1,1,1,0,in_unit,studio,1169.0
1120,1,0.9,1,1,1,1,0,none,shared_house,1214.0
1058,3,8.5,1,1,0,1,0,in_building,studio,1107.0
964,3,7.2,1,0,1,1,1,none,shared_house,1063.0
832,4,1.0,0,1,0,1,0,in_unit,house,1476.0
434,3,2.1,1,1,0,1,0,in_building,studio,1126.0
957,2,6.0,1,0,1,1,0,in_unit,studio,938.0
901,2,0.2,1,1,1,1,0,in_unit,house,1364.0
917,3,4.2,1,1,0,1,1,none,shared_house,1218.0
530,2,7.4,1,1,0,0,0,in_building,studio,770.0
579,2,0.2,1,1,0,1,0,none,shared_house,1134.0
1113,1,0.4,1,1,1,1,0,in_building,studio,1263.0
840,2,8.1,1,0,0,1,1,in_building,apartment,955.0
1020,3,1.9,1,1,1,1,1,in_building,studio,1383.0
857,1,0.2,1,1,1,1,0,in_building,apartment,1139.0
857,1,0.7,1,1,0,0,0,in_building,studio,967.0
1084,2,1.5,1,1,0,1,0,in_building,studio,1256.0
720,1,3.0,1,1,1,1,0,in_unit,shared_house,1030.0
874,1,3.3,1,0,0,1,0,none,apartment,857.0
734,2,10.0,0,0,0,0,0,none,apartment,554.0
741,4,0.8,1,1,0,1,0,in_building,apartment,1428.0
772,2,1.9,1,0,1,1,1,in_unit,apartment,1174.0
905,1,1.9,0,0,1,0,0,in_building,shared_house,831.0
730,1,1.3,1,1,0,1,1,in_building,shared_house,1093.0
1163,2,0.5,1,1,0,0,0,in_building,studio,1173.0
626,2,9.5,1,0,1,1,1,in_building,shared_house,828.0
803,3,4.8,0,1,1,1,0,none,apartment,1136.0
740,2,1.7,1,1,1,0,0,in_building,apartment,1112.0
1211,3,2.3,1,1,1,0,1,in_building,apartment,1445.0
899,1,0.6,1,1,1,1,0,in_building,shared_house,1188.0
1107,2,2.0,1,1,1,1,0,none,studio,1166.0
478,1,3.0,1,0,0,1,0,in_unit,studio,769.0
916,4,1.8,1,0,0,1,1,none,apartment,1364.0
1072,2,10.0,1,1,1,1,0,none,apartment,1042.0
870,2,2.4,1,1,1,0,1,none,shared_house,1192.0
1116,1,1.2,1,1,1,1,0,none,apartment,1197.0
720,1,3.7,0,1,0,1,0,in_building,studio,823.0
1202,2,0.5,1,1,1,1,0,in_building,apartment,1418.0
1424,1,1.2,1,1,1,1,0,in_building,apartment,1300.0
759,2,1.1,1,0,0,0,0,in_building,studio,946.0
738,1,1.4,0,0,1,0,0,in_unit,apartment,855.0
1213,2,3.8,1,1,1,1,0,in_building,studio,1215.0
1244,3,1.7,0,0,1,1,0,in_building,studio,1220.0
719,3,3.9,0,0,1,1,0,none,house,1086.0
744,3,2.1,1,1,1,1,1,in_building,studio,1271.0
779,1,1.0,1,1,1,1,1,in_building,studio,1090.0
513,1,4.2,1,1,0,1,1,none,apartment,883.0
620,2,0.7,0,0,0,1,0,in_building,studio,804.0
598,2,0.6,1,0,1,0,1,none,studio,963.0
658,2,1.8,0,0,1,0,0,none,apartment,899.0
841,1,0.8,1,1,1,1,0,in_building,shared_house,1121.0
908,1,0.2,1,1,1,1,1,in_building,house,1215.0
1237,1,2.6,1,1,0,1,1,in_building,shared_house,1131.0
600,3,1.8,1,1,1,1,0,none,shared_house,1244.0
1096,1,1.5,0,1,0,1,0,in_building,house,1086.0
796,2,8.5,1,0,1,0,0,in_building,house,881.0
837,1,2.1,1,1,1,1,0,none,house,1087.0
1018,2,5.0,1,1,1,0,1,in_building,house,1196.0
569,2,0.4,1,1,0,0,0,none,shared_house,997.0
945,3,2.1,0,1,0,1,1,none,studio,1144.0
891,3,5.1,1,0,1,0,0,none,apartment,1100.0
973,2,2.2,1,1,1,1,1,none,studio,1177.0
922,4,3.2,1,1,1,0,1,in_building,shared_house,1414.0
1463,4,1.2,0,0,0,0,0,none,studio,1335.0
690,3,0.2,0,0,1,1,0,in_building,studio,1059.0
717,3,1.5,1,1,1,1,1,in_building,studio,1222.0
694,1,1.3,1,1,0,0,0,in_unit,apartment,1093.0
711,2,5.0,1,0,1,0,0,none,apartment,875.0
690,1,0.7,0,1,0,1,0,none,studio,889.0
1147,1,8.5,1,0,1,1,0,none,house,1004.0
1205,4,7.9,1,1,1,1,1,in_unit,studio,1440.0
707,2,0.7,1,0,1,1,0,none,studio,1003.0
641,3,1.1,1,0,1,0,1,none,studio,1078.0
967,3,5.6,1,1,1,1,0,in_building,apartment,1233.0
711,3,8.5,1,0,0,1,1,in_building,apartment,1024.0
1008,4,1.5,1,1,1,1,0,in_building,apartment,1553.0
900,1,1.0,0,0,1,0,0,in_unit,house,942.0
471,1,1.9,1,1,0,1,0,in_building,apartment,871.0
1236,2,2.9,1,0,0,0,1,in_building,studio,1026.0
1298,1,0.8,1,1,1,0,0,in_building,apartment,1275.0
696,1,3.3,1,1,0,0,1,in_unit,house,1000.0
753,2,0.2,1,0,0,0,0,in_building,apartment,1037.0
921,3,0.2,1,1,1,1,0,in_unit,house,1439.0
933,2,1.2,1,0,0,1,1,none,house,1105.0
1014,2,1.1,1,1,1,0,0,in_building,apartment,1285.0
1352,2,0.9,0,0,0,1,0,in_building,shared_house,1178.0
805,1,1.7,0,1,1,1,0,in_building,apartment,1052.0
650,1,1.0,1,1,1,1,0,in_building,studio,970.0
505,3,0.5,0,1,1,1,0,none,shared_house,1131.0
667,2,0.9,1,1,0,0,0,in_unit,house,1169.0
841,3,9.2,1,1,1,1,0,in_building,shared_house,1131.0
1298,1,1.3,1,1,1,1,1,none,apartment,1331.0
720,3,1.5,1,1,1,1,1,in_building,house,1364.0
905,2,2.1,1,1,0,1,0,in_unit,house,1271.0
845,2,10.0,0,0,0,1,0,in_unit,apartment,826.0
1147,2,0.7,1,1,1,1,0,in_unit,house,1416.0
1481,3,2.9,1,1,0,0,1,none,apartment,1418.0
717,2,3.1,1,1,1,1,0,in_building,studio,1128.0
727,2,2.3,1,1,0,0,0,none,shared_house,986.0
1111,4,0.2,1,0,1,1,1,none,apartment,1551.0
1020,3,2.8,0,1,1,0,0,in_building,apartment,1230.0
1311,2,0.2,1,0,1,1,1,in_unit,house,1350.0
995,3,2.3,0,0,1,1,0,in_unit,house,1310.0
760,2,3.4,1,0,1,1,0,in_building,studio,850.0
997,1,0.6,1,1,1,1,1,in_building,house,1172.0
1127,2,4.6,1,0,1,1,0,in_building,apartment,1160.0
1055,4,0.2,1,0,1,1,1,in_building,studio,1477.0
976,4,4.6,0,1,1,1,0,none,shared_house,1275.0
1116,2,1.5,1,0,0,1,1,in_building,house,1252.0
1142,2,0.6,0,0,1,1,0,in_building,studio,998.0
1195,1,0.4,0,0,0,1,0,none,apartment,1048.0
1012,4,7.7,1,1,1,1,0,in_unit,apartment,1384.0
808,4,0.2,1,1,1,0,0,in_building,apartment,1435.0
886,2,0.6,1,0,1,1,0,in_unit,house,1233.0
1151,3,1.1,1,1,1,1,0,in_unit,shared_house,1502.0
645,3,2.4,1,1,1,1,0,in_building,house,1282.0
942,2,2.0,1,0,0,1,0,in_building,apartment,1015.0
751,1,0.3,0,0,1,0,0,in_building,apartment,973.0
857,2,0.9,1,1,0,1,0,none,apartment,1237.0
1169,2,0.7,1,1,1,1,0,in_unit,studio,1270.0
897,2,0.6,1,0,0,1,1,in_building,house,1180.0
861,2,1.3,1,0,0,0,0,in_unit,apartment,1052.0
510,4,3.0,1,1,1,1,0,in_building,studio,1287.0
1036,1,0.6,1,0,0,1,0,in_building,apartment,957.0
1011,2,1.1,1,1,1,0,1,none,apartment,1238.0
1390,2,1.2,1,1,0,0,0,in_building,apartment,1241.0
773,2,9.4,1,1,1,1,0,in_unit,apartment,986.0
904,2,7.7,1,0,1,0,0,in_building,apartment,884.0
912,1,4.0,1,1,0,1,0,in_unit,apartment,1043.0
1244,1,0.7,1,0,0,0,1,in_building,studio,1007.0
826,2,0.2,1,1,1,1,0,in_building,studio,1159.0
919,2,1.0,1,1,0,1,0,in_unit,studio,1210.0
1001,1,0.8,1,1,1,1,1,in_building,shared_house,1227.0
896,3,1.8,1,1,0,1,0,in_building,apartment,1334.0
738,2,3.8,1,1,0,1,1,in_building,shared_house,1086.0
898,2,4.9,1,1,1,1,0,in_unit,apartment,1152.0
1118,3,4.7,1,1,0,0,1,none,house,1285.0
593,1,1.1,1,1,1,1,1,in_building,house,1127.0
883,1,2.9,1,1,0,0,0,none,apartment,854.0
674,3,0.9,0,1,0,1,1,in_building,shared_house,1217.0
1148,2,0.2,1,1,1,0,0,in_building,apartment,1330.0
469,2,3.0,1,0,1,1,0,in_building,apartment,957.0
710,3,0.2,1,1,1,1,0,in_building,apartment,1336.0
944,3,1.3,1,1,0,0,0,in_unit,apartment,1196.0
1241,4,1.0,1,1,1,0,1,in_building,apartment,1585.0
833,2,3.0,0,1,1,1,0,none,apartment,1162.0
711,2,3.6,1,0,0,1,1,in_building,apartment,1011.0
1320,2,0.9,1,0,1,1,0,in_unit,shared_house,1311.0
487,1,4.2,1,0,1,1,0,in_building,apartment,805.0
300,2,0.9,0,0,0,0,0,none,apartment,764.0
960,1,1.5,1,1,1,1,0,none,studio,1091.0
724,4,3.2,1,1,1,0,1,in_unit,shared_house,1357.0
594,2,3.0,1,1,0,1,1,none,apartment,1087.0
1027,2,10.0,1,1,1,1,1,in_building,apartment,1155.0
910,2,0.6,1,0,0,1,1,in_building,shared_house,1196.0
708,1,2.7,1,0,1,1,0,in_building,apartment,1032.0
529,1,2.4,1,0,1,0,0,none,house,794.0
1068,2,6.2,1,1,1,1,0,none,apartment,1223.0
1012,1,0.4,0,1,1,1,0,none,shared_house,1047.0
825,2,3.5,1,0,0,0,0,in_unit,shared_house,980.0
1311,3,2.1,1,0,1,0,0,none,shared_house,1329.0
582,3,0.8,1,0,1,1,0,in_unit,apartment,1187.0
468,2,1.6,1,1,1,1,0,in_building,house,1130.0
677,1,1.0,0,1,1,1,1,in_building,apartment,1068.0
838,3,2.2,0,1,0,1,0,in_building,shared_house,1145.0
910,3,5.5,1,1,0,0,0,in_building,shared_house,1199.0
789,1,2.1,1,1,0,1,0,in_building,house,991.0
938,3,2.5,1,0,1,1,1,none,studio,1291.0
537,1,1.8,1,1,0,0,1,in_building,apartment,969.0
1210,3,0.2,1,1,1,1,0,in_building,house,1543.0
829,4,0.7,0,1,1,0,0,none,studio,1241.0
1129,1,1.7,0,1,0,0,1,in_unit,apartment,1061.0
935,3,0.9,1,1,1,0,0,in_building,apartment,1334.0
964,2,0.5,1,1,1,1,1,in_building,apartment,1340.0
992,4,1.8,1,0,1,1,1,in_building,shared_house,1490.0
961,2,1.0,1,1,0,1,0,in_building,shared_house,1305.0
1010,3,0.7,1,0,0,1,0,in_unit,shared_house,1301.0
1182,1,1.6,1,0,0,1,0,none,studio,948.0
899,2,0.4,1,1,0,1,0,in_unit,house,1268.0
1027,1,6.6,1,1,1,1,1,in_building,apartment,1053.0
827,4,5.1,0,0,1,1,1,in_unit,shared_house,1180.0
1210,3,3.1,0,1,0,1,1,in_building,studio,1217.0
680,3,0.3,1,1,1,0,0,in_building,studio,1293.0
1300,4,3.7,1,0,1,1,0,none,studio,1388.0
839,1,4.1,1,1,0,1,0,none,shared_house,903.0
492,2,3.7,1,1,0,1,0,in_building,apartment,1028.0
882,1,0.3,1,1,1,0,0,none,apartment,1027.0
679,1,2.6,0,1,1,0,0,in_building,studio,760.0
1060,1,4.5,1,0,1,1,0,in_building,shared_house,940.0
686,2,2.2,1,1,0,0,1,in_building,studio,1089.0
738,1,2.6,1,1,0,0,0,in_building,house,949.0
377,1,1.5,1,1,0,1,1,none,apartment,807.0
736,1,1.9,1,0,1,1,0,in_unit,studio,975.0
300,1,0.2,1,1,1,1,0,in_building,studio,875.0
454,4,2.5,1,1,0,1,1,none,studio,1121.0
1040,3,0.2,1,0,1,0,1,none,apartment,1304.0
1046,4,1.4,1,1,1,1,0,none,shared_house,1528.0
956,2,0.9,1,1,1,0,0,in_building,studio,1176.0
608,1,2.0,0,0,1,1,0,in_building,studio,844.0
838,3,0.4,0,1,0,1,0,in_building,apartment,1213.0
849,2,2.9,1,1,1,1,1,in_building,apartment,1232.0
560,1,4.0,1,1,0,1,0,none,shared_house,815.0
1225,1,0.4,1,1,0,1,0,none,apartment,1137.0
1069,1,0.3,1,1,1,0,1,none,house,1255.0
794,1,0.4,1,1,1,1,0,in_unit,house,1207.0
856,2,5.2,1,1,1,1,0,none,studio,1046.0
902,2,1.9,1,0,1,1,0,none,apartment,1138.0
339,1,1.6,1,1,1,1,0,in_building,apartment,900.0
788,1,0.3,0,0,1,1,0,in_building,shared_house,882.0
679,3,2.6,0,0,0,1,0,none,studio,941.0
599,1,5.1,1,0,1,0,0,in_building,apartment,809.0
779,2,4.4,1,1,1,1,1,none,apartment,1213.0
1299,3,2.5,0,0,1,0,1,in_building,shared_house,1295.0
1010,1,0.2,0,0,1,1,0,none,apartment,1009.0
707,1,0.3,1,0,1,1,0,none,studio,921.0
993,2,0.2,1,0,1,1,0,in_building,house,1252.0
1199,2,0.7,1,1,1,1,0,none,shared_house,1292.0
1081,2,0.4,1,1,1,0,1,in_building,studio,1257.0
864,3,0.8,1,0,0,1,0,in_building,studio,1098.0
688,1,1.2,1,1,1,1,0,in_unit,apartment,1089.0
1024,2,7.2,1,1,1,1,0,in_building,shared_house,1176.0
948,2,2.4,1,1,1,0,0,none,house,1227.0
1073,1,4.5,1,1,1,1,0,none,shared_house,1019.0
1008,2,3.1,1,1,1,1,1,in_building,house,1307.0
1112,1,0.3,0,0,1,0,1,in_building,studio,933.0
716,2,3.3,1,1,1,1,1,in_unit,apartment,1199.0
1179,1,0.8,1,1,0,0,1,in_building,studio,1155.0
899,2,2.5,1,1,1,1,1,none,apartment,1269.0
1368,2,1.0,1,1,1,0,0,in_building,apartment,1481.0
677,3,10.0,1,0,0,1,0,in_building,apartment,941.0
1283,1,0.8,0,1,1,1,1,in_building,apartment,1254.0
899,2,0.8,1,1,1,1,0,in_unit,apartment,1331.0
687,2,6.7,1,1,1,1,0,none,apartment,990.0
729,3,0.2,1,0,0,1,0,in_building,shared_house,1128.0
769,2,3.0,1,1,0,0,0,in_building,apartment,1108.0
956,2,3.2,0,1,1,1,0,none,studio,1094.0
980,3,4.5,1,1,0,1,0,none,apartment,1227.0
706,3,9.2,0,1,1,1,0,none,studio,913.0
843,2,9.3,1,1,0,0,1,none,house,992.0
1385,2,0.2,1,0,1,0,0,none,shared_house,1297.0
1281,3,4.3,0,0,0,1,1,in_building,shared_house,1144.0
959,4,2.6,1,0,0,1,0,in_unit,house,1399.0
859,3,2.6,0,1,1,1,0,in_building,studio,1165.0
880,2,0.3,0,0,0,1,0,none,apartment,1079.0
1003,1,2.6,1,1,1,1,0,in_unit,studio,1139.0
594,2,10.0,1,1,1,1,0,in_unit,apartment,977.0
785,3,6.1,1,0,1,1,1,in_unit,apartment,1111.0
432,2,1.4,1,0,1,1,1,none,apartment,974.0
949,2,0.2,1,0,0,0,1,in_building,studio,1116.0
1011,3,1.1,1,1,0,0,0,in_building,house,1314.0
729,2,4.4,0,0,1,0,0,in_unit,studio,755.0
1243,3,3.0,0,0,1,1,0,none,house,1299.0
543,2,1.5,1,1,1,0,0,in_building,apartment,1040.0
483,2,0.2,1,1,1,0,0,in_building,studio,1094.0
906,2,1.4,1,0,1,1,0,in_building,shared_house,1148.0
1111,3,1.6,1,1,0,0,0,in_building,shared_house,1318.0
1270,1,6.6,1,1,1,0,0,in_building,studio,960.0
735,1,2.6,0,1,1,0,0,in_building,studio,901.0
1119,4,0.9,0,1,1,0,0,in_building,studio,1391.0
840,1,1.9,1,0,1,1,0,none,apartment,959.0
806,2,0.2,1,1,0,1,1,in_building,apartment,1210.0
1070,2,9.0,1,1,0,1,0,in_unit,apartment,1061.0
1013,2,1.1,0,0,1,1,0,none,apartment,1058.0
455,2,1.6,1,1,1,1,0,none,house,1148.0
1219,1,1.1,1,1,1,1,0,in_unit,shared_house,1182.0
1195,2,2.9,0,0,0,0,1,in_unit,house,1115.0
693,2,2.7,1,0,0,0,1,none,studio,909.0
948,2,3.1,1,1,1,1,0,none,studio,1144.0
973,1,0.8,1,0,0,0,0,in_building,apartment,934.0
915,2,0.9,0,1,1,0,1,in_building,apartment,1203.0
712,1,0.3,1,0,1,1,0,in_unit,house,1020.0
682,1,2.7,1,0,1,1,1,in_building,studio,887.0
843,1,0.2,1,1,0,0,0,in_unit,shared_house,1078.0
1143,1,2.3,1,1,1,0,0,in_building,apartment,1152.0
985,3,5.1,0,1,0,1,1,in_unit,shared_house,1181.0
757,1,5.5,1,1,0,1,0,in_building,apartment,964.0
1042,4,1.5,1,0,0,0,0,in_building,studio,1264.0
300,4,1.5,1,1,0,1,0,in_building,studio,1193.0
1137,2,0.2,1,1,1,1,0,in_unit,apartment,1471.0
415,1,2.8,0,0,0,1,1,in_building,apartment,782.0
759,2,4.3,1,1,0,1,0,none,apartment,1097.0
570,3,0.7,1,0,1,0,0,in_building,apartment,1127.0
526,2,1.4,1,1,0,1,1,none,studio,1058.0
1140,1,4.6,1,1,1,1,0,in_building,apartment,1131.0
733,2,5.2,1,1,0,0,0,in_building,studio,846.0
936,3,0.7,1,1,0,1,1,in_building,apartment,1410.0
838,3,2.0,1,1,1,0,1,none,studio,1235.0
969,1,0.5,1,0,0,0,0,in_unit,studio,960.0
869,2,0.3,1,1,1,1,0,in_unit,studio,1229.0
529,1,6.1,1,0,0,0,1,in_building,house,688.0
1099,1,4.3,0,1,0,1,1,none,apartment,1035.0
726,3,3.6,1,1,0,1,1,none,shared_house,1137.0
460,1,0.2,1,1,0,1,0,in_building,apartment,1031.0
742,1,4.6,1,0,0,1,0,in_building,apartment,821.0
1225,1,1.4,1,1,1,1,0,in_building,apartment,1258.0
1062,3,1.0,1,1,1,0,1,in_building,studio,1377.0
762,3,2.0,1,0,0,1,1,in_building,studio,1153.0
762,2,0.2,1,1,1,1,0,none,studio,1087.0
769,3,3.5,1,0,1,0,0,none,house,1151.0
1369,1,2.2,1,1,1,0,0,in_building,apartment,1227.0
945,2,0.5,1,0,1,0,1,in_building,shared_house,1127.0
957,2,0.5,1,1,1,1,0,in_building,house,1296.0
1107,1,0.5,1,0,0,1,0,in_building,house,1097.0
909,2,0.2,0,0,0,1,0,in_building,studio,934.0
785,4,2.2,1,1,1,1,0,in_unit,apartment,1536.0
800,1,4.6,1,0,1,1,0,in_unit,apartment,999.0
832,1,0.2,0,1,1,1,1,in_building,house,1156.0
840,1,0.2,0,0,1,1,1,none,apartment,978.0
1031,1,2.1,1,1,1,1,0,in_building,apartment,1149.0
862,4,4.3,1,1,1,1,0,in_building,shared_house,1407.0
1033,2,1.0,1,0,1,1,1,in_building,house,1361.0
829,2,1.1,1,0,1,1,0,in_unit,house,1171.0
869,3,2.3,0,1,0,1,0,none,studio,1065.0
350,1,0.8,1,1,0,1,1,none,shared_house,978.0
1079,2,0.2,1,1,0,1,1,in_unit,apartment,1291.0
936,2,3.3,1,1,1,1,1,none,shared_house,1163.0
1099,2,2.5,1,1,0,1,0,in_building,studio,1159.0
300,4,2.2,1,0,1,1,0,none,apartment,1069.0
1372,3,3.4,0,0,0,1,0,in_building,apartment,1298.0
815,2,2.8,0,0,1,0,0,in_building,house,1010.0
1127,3,0.6,0,0,0,0,1,in_building,studio,1131.0
590,1,1.1,1,0,0,1,0,none,apartment,921.0
1003,1,0.3,1,1,1,1,1,in_unit,house,1367.0
586,1,0.3,1,1,1,1,0,none,studio,961.0
694,2,2.8,1,1,1,1,0,in_unit,house,1179.0
1328,2,4.9,1,0,1,1,1,none,shared_house,1299.0
802,2,8.2,1,1,0,0,0,in_unit,shared_house,947.0
904,4,2.5,1,1,0,0,0,none,house,1373.0
1067,2,0.5,0,1,1,1,0,in_building,shared_house,1300.0
973,2,0.3,1,0,1,0,0,in_building,apartment,1165.0
887,1,4.2,1,0,1,1,0,none,apartment,902.0
941,1,2.2,1,0,1,1,0,none,apartment,1007.0
1450,2,2.4,1,0,1,1,0,in_building,studio,1292.0
835,2,3.8,1,1,0,1,1,in_unit,studio,1019.0
900,3,3.0,1,0,1,1,0,in_building,house,1242.0
1112,1,4.5,1,0,1,0,0,in_building,apartment,1016.0
1126,1,0.2,1,1,1,1,0,in_building,apartment,1225.0
1146,2,3.4,1,1,0,1,0,in_building,shared_house,1279.0
1009,1,4.8,1,1,0,0,0,in_unit,shared_house,1033.0
564,1,0.8,1,1,0,0,0,none,studio,830.0
1258,3,2.6,1,1,0,0,0,none,studio,1237.0
563,1,0.9,1,0,1,0,1,in_unit,studio,857.0
925,2,7.9,1,1,0,1,1,in_building,apartment,1177.0
661,1,0.2,1,1,0,1,1,in_building,house,1190.0
833,1,2.2,1,1,0,1,0,in_building,studio,971.0
932,2,0.5,1,0,1,1,0,in_unit,house,1224.0
930,3,3.1,0,1,1,1,1,in_building,apartment,1298.0
955,2,0.5,0,0,0,1,0,in_building,shared_house,1060.0
1253,3,0.7,1,1,0,1,1,in_building,shared_house,1432.0
963,1,1.7,1,0,0,1,0,none,apartment,980.0
788,3,6.2,1,0,1,1,0,none,studio,1059.0
1091,1,0.6,1,1,0,1,1,in_unit,shared_house,1143.0
1147,2,0.4,0,1,1,1,1,in_building,apartment,1367.0
543,2,3.6,1,1,1,0,1,none,house,1114.0
999,4,1.7,1,0,0,1,1,in_unit,house,1443.0
1025,2,6.1,1,0,1,1,0,none,house,1142.0
775,1,0.4,1,1,0,0,0,none,shared_house,938.0
1193,1,2.6,1,1,1,1,1,none,apartment,1239.0
812,3,0.7,0,1,0,1,0,in_building,apartment,1219.0
881,2,0.4,1,1,1,0,0,in_building,apartment,1203.0
806,3,2.9,1,1,1,1,0,none,apartment,1247.0
853,1,2.3,1,1,1,0,0,in_building,house,1091.0
575,2,3.5,1,1,0,1,0,in_unit,studio,1024.0
489,1,0.9,1,1,0,0,0,in_building,apartment,891.0
1248,4,1.5,1,0,1,1,1,in_unit,studio,1451.0
638,2,1.3,1,1,1,0,1,none,studio,1072.0
602,4,10.0,1,1,1,0,0,in_building,apartment,1090.0
311,1,0.9,1,1,0,0,0,none,studio,732.0
690,2,0.9,1,1,0,1,0,none,studio,1139.0
519,2,1.1,1,0,1,1,0,in_unit,house,1018.0
1260,2,2.1,1,1,0,1,0,in_building,apartment,1208.0
1102,3,0.7,1,1,0,1,0,none,studio,1292.0
677,4,6.2,0,0,0,1,0,in_building,shared_house,1053.0
1413,3,0.8,0,0,1,0,0,none,house,1293.0
1095,3,5.7,1,0,1,1,0,none,apartment,1148.0
768,1,0.3,1,1,1,0,0,in_unit,house,1163.0
300,1,2.7,1,1,0,1,0,none,apartment,835.0
1422,4,5.9,1,1,1,1,0,in_unit,studio,1518.0
502,1,0.5,0,0,1,1,0,in_unit,apartment,906.0
438,3,8.6,1,1,0,0,1,none,apartment,886.0
1105,3,1.5,1,0,1,1,0,none,house,1335.0
1459,2,7.3,1,0,1,0,1,in_building,apartment,1188.0
1196,4,2.8,0,1,0,0,0,in_building,house,1334.0
990,2,0.9,1,1,1,0,1,in_building,apartment,1183.0
998,2,0.5,1,0,0,1,0,in_building,apartment,1145.0
1063,1,0.9,1,0,1,1,1,in_building,shared_house,1167.0
1039,2,0.2,1,0,0,1,0,in_building,shared_house,1179.0
920,1,0.4,1,1,0,0,1,in_building,apartment,1139.0
876,2,0.3,1,1,0,1,0,none,house,1147.0
834,3,1.4,1,1,1,1,0,in_building,apartment,1364.0
661,4,4.0,0,1,1,0,1,in_unit,house,1321.0
779,1,0.4,1,1,1,0,0,none,house,1010.0
426,2,0.3,1,0,1,1,1,none,apartment,1079.0
825,4,2.6,0,1,1,1,0,none,studio,1256.0
602,1,0.5,0,1,0,1,0,in_unit,apartment,1094.0
574,1,0.3,1,0,1,1,1,in_unit,apartment,924.0
894,1,0.5,1,0,0,0,0,in_building,studio,940.0
1198,2,6.4,1,0,0,0,0,in_building,studio,910.0
1079,1,4.3,1,0,1,1,1,in_building,house,1006.0
457,4,1.1,0,1,0,1,1,in_building,house,1263.0
602,2,2.7,0,1,0,1,1,in_unit,house,1092.0
1085,2,1.9,1,1,1,1,0,in_building,house,1379.0
604,1,2.8,0,1,1,1,0,in_building,apartment,985.0
793,2,2.9,1,1,1,0,0,in_building,house,1205.0
987,2,2.5,1,1,1,1,0,in_building,house,1237.0
607,3,0.8,1,0,1,1,1,in_building,studio,1209.0
876,3,0.2,1,0,1,0,0,in_building,studio,1188.0
516,2,1.5,0,1,0,1,0,in_building,apartment,956.0
699,4,5.5,1,0,0,0,0,in_building,house,1110.0
929,3,2.1,0,0,1,0,1,in_unit,apartment,1160.0
451,3,4.5,1,1,0,1,1,in_building,house,1145.0
960,1,10.0,1,1,1,1,0,none,house,873.0
845,1,0.4,1,0,1,0,0,in_building,shared_house,917.0
988,1,2.9,1,1,0,1,1,in_unit,studio,1090.0
905,2,2.8,0,1,0,1,0,none,shared_house,1071.0
1191,2,9.8,1,0,0,1,0,in_building,studio,874.0
881,2,10.0,1,0,0,1,0,in_unit,shared_house,910.0
742,3,2.9,1,1,0,0,0,in_building,studio,1081.0
880,3,0.7,0,0,1,0,0,none,shared_house,1093.0
985,4,4.0,1,0,1,0,1,in_building,apartment,1354.0
862,2,0.3,0,1,1,0,0,in_building,apartment,1127.0
860,2,3.8,1,1,0,0,0,in_building,studio,991.0
674,1,6.0,1,0,0,0,1,in_unit,shared_house,642.0
684,1,1.2,1,0,1,1,1,in_building,house,1034.0
499,1,2.5,1,0,1,1,0,none,apartment,757.0
1287,2,1.4,1,1,1,1,0,in_building,house,1364.0
539,2,1.4,1,0,1,0,0,in_unit,studio,867.0
676,3,0.9,0,1,1,1,0,in_unit,apartment,1213.0
670,1,3.6,1,1,1,0,0,in_building,studio,832.0
1073,3,6.9,0,0,0,1,0,none,shared_house,977.0
776,2,7.1,1,1,1,0,0,in_building,shared_house,988.0
1161,1,0.5,1,1,0,1,0,in_building,apartment,1211.0
681,2,5.2,1,1,1,1,0,in_unit,apartment,1007.0
919,1,3.3,1,0,1,1,0,in_building,apartment,986.0
641,2,0.7,1,1,0,0,0,in_unit,apartment,1118.0
1386,2,0.2,1,1,0,1,0,none,apartment,1374.0
553,1,0.8,0,1,0,1,0,in_building,studio,827.0
927,1,6.1,1,0,0,0,0,none,apartment,780.0
1008,2,2.5,1,1,0,1,0,none,shared_house,1202.0
953,4,3.2,1,0,0,1,0,none,shared_house,1197.0
803,2,0.7,1,0,0,1,0,in_building,apartment,1079.0
817,3,3.2,1,1,0,1,1,in_unit,shared_house,1358.0
860,2,0.2,1,1,1,1,1,none,studio,1289.0
813,4,1.2,0,1,0,1,0,none,house,1387.0
1090,3,2.5,1,1,0,1,1,none,apartment,1401.0
1402,2,0.4,1,1,1,1,0,in_unit,house,1593.0
710,2,4.3,1,1,1,1,0,in_building,apartment,1186.0
507,3,0.7,1,1,1,1,1,none,studio,1201.0
827,2,2.6,1,1,0,1,0,in_unit,apartment,1128.0
1494,2,1.3,0,1,1,0,0,in_building,studio,1242.0
649,1,2.3,1,1,1,1,0,in_building,apartment,1158.0
1259,3,0.3,0,1,1,0,0,in_unit,apartment,1351.0
1269,3,0.2,1,1,1,0,0,in_building,studio,1387.0
711,1,6.0,1,1,1,0,0,in_building,studio,735.0
992,2,0.8,1,0,1,1,0,in_unit,house,1269.0
1257,2,4.3,1,0,1,0,0,in_building,apartment,1077.0
755,1,10.0,0,1,1,1,0,in_building,shared_house,719.0
799,4,0.6,1,0,1,1,1,in_building,studio,1264.0
704,1,0.8,1,0,1,0,1,none,apartment,970.0
596,1,2.7,1,1,0,0,0,in_building,house,963.0
687,2,8.4,1,0,1,1,0,in_building,house,881.0
544,3,6.2,1,0,0,1,1,none,apartment,968.0
858,1,1.7,1,1,1,1,0,none,studio,1012.0
657,2,4.0,0,1,1,1,0,in_unit,shared_house,1028.0
908,2,0.4,1,1,0,1,0,in_building,studio,1164.0
461,1,9.5,0,1,1,1,1,in_building,apartment,731.0
932,1,8.3,1,1,0,1,0,in_building,shared_house,923.0
1058,2,0.4,1,1,0,1,0,none,apartment,1232.0
351,1,0.9,0,1,0,1,0,none,shared_house,772.0
943,4,0.3,0,0,0,0,0,none,apartment,1272.0
1156,3,0.8,1,0,0,1,0,in_building,house,1297.0
547,4,4.2,1,1,1,1,0,in_building,studio,1127.0
1268,1,1.2,0,1,1,1,0,none,apartment,1178.0
954,4,0.2,0,1,0,0,0,in_building,studio,1310.0
673,2,1.0,1,1,1,1,0,in_building,studio,1083.0
836,2,10.0,1,1,0,0,1,none,apartment,857.0
989,1,2.5,1,1,0,0,1,in_building,studio,957.0
869,1,1.3,0,1,0,0,0,in_building,house,926.0
984,2,0.5,1,0,1,1,0,none,apartment,1221.0
619,2,10.0,0,1,1,0,0,in_unit,shared_house,714.0
892,1,4.3,0,0,0,1,0,in_unit,shared_house,811.0
496,2,0.8,1,1,0,0,1,in_building,apartment,1019.0
822,1,0.2,1,1,0,1,0,in_building,house,1056.0
624,2,0.2,1,1,1,0,0,in_unit,apartment,1202.0
666,2,0.3,1,1,1,0,1,in_building,studio,1091.0
1159,3,2.2,1,1,0,1,1,in_building,shared_house,1418.0
1122,3,6.6,1,1,1,1,0,none,apartment,1207.0
1002,2,1.7,1,1,0,0,0,in_building,shared_house,1116.0
576,2,4.6,1,1,1,0,0,none,house,1028.0
770,2,1.5,1,1,1,0,1,in_building,apartment,1301.0
1153,3,3.1,1,1,1,1,1,in_building,shared_house,1342.0
885,2,3.3,1,0,1,1,0,in_building,house,1112.0
1429,1,0.5,1,1,1,1,0,in_unit,house,1424.0
948,1,1.1,1,1,0,0,0,none,studio,931.0
898,2,2.5,1,1,0,1,0,in_building,apartment,1208.0
772,2,0.2,1,1,1,0,0,in_unit,apartment,1175.0
883,3,1.1,1,1,0,0,0,in_building,shared_house,1253.0
811,1,1.9,0,1,0,1,0,in_building,studio,863.0
1027,2,10.0,1,1,1,1,1,in_building,shared_house,1114.0
1089,3,1.6,1,1,1,0,0,in_unit,apartment,1373.0
653,3,4.2,1,0,1,1,0,in_unit,house,1147.0
517,2,1.4,1,1,1,1,0,in_building,shared_house,1142.0
390,2,4.0,0,0,1,1,1,in_building,apartment,810.0
976,2,2.3,1,0,0,1,0,in_building,apartment,1106.0
574,4,5.4,1,1,1,1,1,in_unit,house,1277.0
311,1,1.3,1,0,1,1,0,in_building,apartment,781.0
947,4,2.3,1,1,0,1,1,none,apartment,1470.0
1473,2,2.5,1,1,0,1,1,none,shared_house,1326.0
848,2,1.4,1,1,0,0,0,none,shared_house,1060.0
1059,1,0.4,1,1,1,1,1,in_unit,studio,1241.0
870,2,0.2,0,0,1,0,0,none,studio,922.0
825,2,0.2,1,1,1,0,0,in_building,shared_house,1220.0
1079,1,5.2,1,0,1,1,0,none,studio,901.0
777,2,0.7,1,1,0,0,0,in_building,apartment,1141.0
916,4,0.6,1,1,1,1,1,in_building,apartment,1618.0
930,2,3.3,1,1,1,1,1,in_building,apartment,1261.0
682,3,1.0,0,1,0,1,0,in_building,apartment,1248.0
1098,1,1.8,0,1,1,0,0,none,apartment,1071.0
806,2,0.4,1,1,0,0,0,none,apartment,1097.0
661,1,8.0,1,1,1,1,0,none,apartment,890.0
984,2,4.8,1,0,1,1,0,in_building,apartment,1092.0
625,4,5.0,1,1,1,0,1,in_building,house,1281.0
857,2,1.3,1,1,1,0,0,in_unit,apartment,1223.0
847,1,3.6,1,1,0,1,0,none,studio,959.0
1121,2,0.4,1,0,1,0,1,in_building,apartment,1261.0
968,2,0.2,1,1,0,1,0,none,shared_house,1305.0
843,2,0.2,0,0,1,1,0,in_building,shared_house,1118.0
1054,3,2.2,0,0,1,1,0,in_building,studio,1176.0
1197,3,1.5,0,1,1,1,0,none,studio,1258.0
989,2,1.8,0,1,0,0,1,in_unit,shared_house,1124.0
852,2,0.2,0,1,1,1,0,in_building,apartment,1195.0
522,1,1.4,1,1,1,1,0,in_unit,shared_house,1042.0
583,1,3.2,1,1,1,1,0,none,studio,907.0
773,2,1.5,1,0,0,1,0,in_unit,studio,1023.0
697,2,3.3,0,1,0,1,1,in_unit,apartment,1070.0
803,2,0.7,1,0,0,0,1,in_building,house,1132.0
864,2,4.2,1,1,1,1,1,in_building,studio,1088.0
982,1,2.2,0,0,1,1,0,in_building,studio,964.0
832,2,0.6,1,0,1,1,0,in_unit,studio,1021.0
971,1,0.7,0,1,0,1,0,none,apartment,1094.0
866,1,2.5,1,0,0,1,0,none,apartment,916.0
356,3,4.4,1,0,1,1,0,in_building,house,1068.0
615,1,1.3,1,1,1,1,0,none,apartment,1033.0
813,2,0.7,1,0,1,0,1,in_building,apartment,1139.0
547,1,5.0,1,0,1,1,0,in_building,apartment,826.0
999,3,2.8,1,1,1,1,0,in_building,apartment,1402.0
1232,2,1.5,1,1,1,1,0,in_building,house,1381.0
1154,1,1.7,0,1,1,1,0,in_building,apartment,1179.0
796,2,0.6,0,1,1,1,0,in_building,shared_house,1092.0
1222,3,2.5,1,1,0,1,0,none,studio,1312.0
887,4,1.1,1,1,0,1,0,in_building,studio,1415.0
765,1,10.0,1,1,0,0,0,in_building,apartment,763.0
696,3,1.6,0,0,1,0,1,in_unit,studio,1076.0
774,4,1.7,1,1,0,1,0,in_building,house,1402.0
752,4,2.1,1,1,0,1,0,in_building,shared_house,1391.0
892,2,6.2,1,1,0,0,0,in_building,studio,896.0
890,2,4.0,1,0,1,0,0,none,studio,1000.0
850,2,1.5,1,0,0,1,1,none,shared_house,1079.0
959,3,3.2,0,1,1,1,0,in_building,apartment,1190.0
1147,2,2.2,1,0,0,1,0,in_building,apartment,1112.0
1087,2,1.7,1,1,0,0,1,none,studio,1151.0
478,2,0.5,1,1,1,1,0,in_building,apartment,1139.0
300,3,1.6,1,1,0,1,0,in_unit,apartment,1226.0
1083,3,0.7,1,0,0,1,0,in_building,studio,1191.0
508,1,6.2,1,1,0,1,0,in_unit,apartment,834.0
793,3,1.0,1,1,1,0,1,none,studio,1190.0
557,2,7.6,1,1,1,1,0,in_building,shared_house,905.0
399,3,1.9,1,0,0,0,0,in_building,apartment,1048.0
985,2,2.5,1,0,0,0,0,in_unit,apartment,1019.0
1039,2,2.0,1,1,1,1,0,in_building,apartment,1310.0
705,4,0.3,1,0,1,1,0,none,apartment,1355.0
300,1,1.2,1,1,1,1,0,in_unit,apartment,958.0
713,3,0.3,0,1,1,1,0,in_building,apartment,1284.0
947,2,2.4,1,1,1,1,0,none,house,1197.0
480,2,1.5,0,1,1,1,1,in_building,apartment,1138.0
895,2,3.8,1,0,1,0,0,in_building,studio,1036.0
846,2,0.6,1,0,1,1,0,in_building,shared_house,1140.0
994,2,0.4,1,0,0,0,0,in_building,studio,1145.0
879,1,1.3,1,0,1,1,1,in_unit,house,1111.0
606,1,6.5,1,1,1,0,1,in_unit,apartment,905.0
1149,1,3.1,1,0,0,1,1,in_building,studio,1054.0
810,4,1.4,0,1,1,1,0,none,apartment,1341.0
843,4,1.8,0,1,1,1,1,in_unit,apartment,1389.0
616,2,0.2,1,1,1,1,0,in_building,shared_house,1097.0
739,3,10.0,1,0,1,1,0,in_building,apartment,1051.0
628,2,2.7,0,0,1,1,0,none,apartment,895.0
806,2,0.8,0,0,0,1,1,in_building,shared_house,1020.0
1277,3,2.2,1,1,1,1,1,none,shared_house,1431.0
507,4,0.3,1,0,1,0,1,in_unit,apartment,1341.0
446,2,8.4,1,1,0,0,1,none,apartment,759.0
1217,3,0.5,0,1,0,0,0,in_building,studio,1229.0
797,1,2.6,0,1,1,0,0,in_building,studio,864.0
682,4,0.7,1,1,0,1,0,in_building,apartment,1340.0
1109,1,3.2,1,0,1,0,1,none,studio,934.0
698,2,3.7,1,1,0,0,0,in_unit,shared_house,1076.0
1306,2,2.8,1,1,0,0,1,in_unit,apartment,1332.0
1019,2,2.4,1,1,1,1,0,in_building,shared_house,1251.0
728,1,5.6,0,1,0,1,0,none,shared_house,786.0
1389,4,0.2,1,1,1,1,0,none,apartment,1663.0
698,1,1.0,1,0,1,1,0,in_building,studio,994.0
1035,2,0.7,1,0,0,0,1,in_building,apartment,1115.0
924,1,10.0,1,0,0,1,0,in_unit,studio,703.0
1175,2,1.2,1,0,0,1,0,none,studio,1120.0
1240,2,3.3,0,0,0,0,0,none,apartment,1050.0
858,2,2.9,1,1,1,1,0,in_building,studio,1173.0
661,1,0.6,1,1,1,1,0,in_building,shared_house,1052.0
964,1,0.7,1,1,0,1,0,none,apartment,1119.0
680,2,0.8,1,1,1,1,1,none,apartment,1229.0
1353,3,1.3,1,1,0,0,0,in_building,apartment,1322.0
884,3,0.7,1,0,0,0,0,in_building,studio,1037.0
758,1,0.2,1,0,0,0,0,in_building,shared_house,862.0
896,2,5.3,0,1,1,0,0,in_building,shared_house,949.0
513,1,8.4,1,0,1,0,0,in_building,house,604.0
607,1,1.0,0,0,1,1,0,in_building,house,926.0
1150,2,1.0,1,0,0,0,0,in_building,apartment,1143.0
685,2,0.2,1,0,0,1,0,in_building,apartment,1054.0
588,1,2.9,1,1,1,1,0,in_building,house,952.0
984,1,4.4,1,1,1,1,1,in_building,house,1140.0
1146,1,0.4,1,1,1,1,1,none,house,1181.0
1029,3,0.4,0,1,0,1,0,in_building,shared_house,1291.0
1099,4,3.9,1,1,0,1,0,in_unit,studio,1400.0
660,1,2.4,0,0,1,1,0,in_building,studio,780.0
494,1,0.2,1,0,1,1,0,none,apartment,837.0
1225,3,2.4,1,0,1,1,1,none,shared_house,1367.0
769,4,0.9,1,1,1,0,1,in_building,studio,1325.0
787,2,1.2,1,1,1,1,0,none,shared_house,1143.0
1182,1,3.7,0,1,1,1,0,in_unit,house,1175.0
989,1,4.2,0,0,1,1,0,none,house,1001.0
963,2,1.3,1,1,1,0,0,in_building,house,1250.0
1391,2,7.4,1,1,1,1,1,in_unit,apartment,1278.0
689,1,1.3,0,1,0,1,0,in_building,studio,871.0
1081,2,3.7,1,1,0,0,0,in_building,shared_house,1160.0
864,1,1.7,1,1,1,1,0,in_building,apartment,1139.0
917,3,5.7,0,1,1,1,0,none,apartment,1273.0
1232,2,6.0,1,1,1,1,0,none,studio,1109.0
976,1,0.2,0,0,0,1,0,in_building,apartment,977.0
984,2,6.9,1,1,0,1,0,in_building,studio,1067.0
1118,2,4.4,1,0,1,1,1,in_unit,studio,1206.0
758,4,3.9,1,0,0,0,1,in_unit,apartment,1141.0
640,2,0.6,1,1,0,1,0,in_building,shared_house,1116.0
588,1,4.1,0,1,0,1,1,in_unit,house,980.0
358,3,4.7,1,0,1,1,0,none,shared_house,1074.0
1364,1,0.9,1,1,0,1,1,in_building,studio,1262.0
574,4,7.6,0,0,1,0,1,in_unit,shared_house,986.0
794,2,0.2,1,1,1,1,0,in_building,apartment,1206.0
780,2,0.4,1,1,1,1,1,in_unit,apartment,1411.0
926,1,1.9,1,1,1,0,0,in_building,apartment,1100.0
1053,2,2.1,1,1,0,0,0,none,house,1147.0
1065,3,2.6,1,1,0,0,0,in_building,shared_house,1256.0
704,3,0.2,1,1,0,1,1,in_unit,house,1404.0
808,1,8.1,1,0,1,0,1,none,shared_house,764.0
920,1,0.2,1,1,0,0,0,in_unit,apartment,1056.0
787,3,0.4,1,1,0,1,0,none,apartment,1266.0
1251,4,0.2,1,1,1,1,0,in_building,shared_house,1557.0
972,1,2.1,1,0,0,0,1,in_building,house,1044.0
1033,2,6.7,1,0,0,0,0,none,studio,825.0
1015,2,2.7,1,0,1,0,1,none,apartment,1135.0
1143,3,4.3,1,1,1,0,0,in_unit,shared_house,1385.0
895,1,0.2,1,1,0,0,0,in_building,studio,997.0
525,1,2.0,1,0,0,1,0,none,studio,739.0
949,3,1.5,1,1,1,0,1,in_unit,apartment,1406.0
687,1,1.7,1,1,0,1,0,in_building,house,1032.0
717,2,0.2,0,0,1,1,1,none,shared_house,1101.0
996,2,2.9,1,1,0,1,0,in_building,shared_house,1186.0
1159,2,1.7,1,1,1,1,0,none,apartment,1290.0
855,2,3.6,1,1,0,1,1,none,apartment,1188.0
927,2,1.7,1,1,1,1,1,in_building,house,1379.0
1275,1,0.4,0,0,0,1,1,none,apartment,1024.0
910,2,2.6,1,1,1,0,0,in_building,studio,1159.0
1500,3,0.5,1,0,0,0,0,in_building,apartment,1416.0
991,3,5.1,0,0,0,1,0,in_building,apartment,1077.0
409,1,2.4,1,1,1,1,0,none,studio,886.0
1038,1,0.4,1,1,1,1,1,none,house,1236.0
945,1,8.2,1,1,1,1,0,in_building,studio,918.0
1172,2,1.8,1,0,1,1,0,in_building,shared_house,1199.0
1018,2,0.2,1,1,1,1,0,none,apartment,1244.0
815,2,2.5,1,1,1,1,0,in_building,studio,1075.0
543,1,0.7,0,1,1,1,0,in_unit,apartment,1005.0
797,1,4.1,1,1,1,1,0,in_building,house,1003.0
637,2,4.3,1,1,0,1,0,none,apartment,1076.0
704,2,9.7,1,1,1,0,0,none,apartment,909.0
997,1,1.7,1,0,1,1,1,none,apartment,1138.0
1267,2,1.5,1,1,0,0,0,in_building,apartment,1274.0
948,1,3.5,1,0,1,0,0,none,shared_house,898.0
551,3,0.4,1,0,0,1,1,in_building,studio,1047.0
961,3,2.0,1,0,1,0,1,none,shared_house,1261.0
1149,1,2.0,1,0,0,1,1,in_building,studio,1039.0
697,1,0.2,1,0,0,0,1,in_unit,apartment,983.0
816,2,1.4,1,0,1,1,0,in_building,apartment,1200.0
853,1,4.8,1,0,1,0,0,in_building,apartment,827.0
653,2,4.8,1,1,1,1,0,none,apartment,1039.0
1012,3,0.3,1,0,1,0,0,none,studio,1210.0
819,2,0.2,1,1,1,1,1,in_building,house,1289.0
954,3,0.8,1,0,0,1,0,none,apartment,1231.0
628,2,5.2,1,1,1,1,1,in_building,apartment,1106.0
740,1,0.3,1,1,1,0,1,none,apartment,1055.0
1030,3,3.2,1,1,1,0,0,none,apartment,1343.0
756,2,0.3,1,1,0,0,1,none,apartment,1078.0
1281,2,2.4,1,0,1,1,0,in_building,studio,1237.0
750,1,1.1,1,1,0,1,0,in_building,apartment,1069.0
906,1,3.9,1,1,1,1,1,none,studio,985.0
1083,4,0.7,0,1,1,0,0,in_building,apartment,1396.0
495,1,2.5,1,1,1,1,1,none,apartment,885.0
409,4,0.7,0,0,1,1,0,none,shared_house,1086.0
468,4,3.1,1,1,0,0,0,in_building,studio,1158.0
1165,3,5.2,1,0,1,1,1,none,apartment,1269.0
712,2,0.3,1,1,1,1,0,none,shared_house,1233.0
1489,2,5.0,1,0,0,0,0,in_building,apartment,1113.0
708,3,2.3,1,1,1,0,0,in_building,apartment,1251.0
896,1,0.3,1,0,0,0,1,none,studio,872.0
1235,2,1.4,0,0,1,1,0,in_building,studio,1077.0
1351,2,0.4,1,1,1,0,1,in_unit,apartment,1446.0
1365,2,3.0,1,1,1,0,0,none,apartment,1258.0
1152,2,3.6,0,1,0,1,0,in_building,shared_house,1056.0
1106,2,0.3,1,0,0,0,1,none,apartment,1160.0
998,2,1.8,0,0,1,0,0,in_unit,apartment,1070.0
1044,3,4.2,1,1,1,1,0,in_unit,house,1456.0
712,1,6.9,0,1,0,0,1,none,shared_house,754.0
645,4,1.8,0,1,0,1,1,in_unit,apartment,1387.0
849,2,7.5,0,1,0,1,0,none,studio,865.0
807,3,1.9,1,1,1,1,0,none,studio,1250.0
736,2,1.3,1,1,1,1,1,none,house,1193.0
1024,3,4.7,1,1,1,0,1,in_unit,studio,1264.0
1088,1,1.7,1,1,1,1,1,in_building,shared_house,1237.0
872,3,1.6,1,1,1,1,0,none,apartment,1403.0
1219,1,1.7,1,1,1,1,1,in_building,apartment,1307.0
564,3,4.7,1,1,0,1,0,in_building,shared_house,1142.0
801,4,4.5,1,0,1,1,0,in_building,studio,1149.0
670,1,1.3,1,0,1,1,0,in_unit,house,1001.0
383,1,1.0,1,0,1,1,0,none,studio,793.0
829,3,1.7,1,1,1,1,0,none,studio,1301.0
819,1,2.1,0,0,1,1,0,none,studio,807.0
1228,3,0.7,1,0,1,1,0,in_building,shared_house,1385.0
1007,1,3.9,0,1,1,1,0,none,house,1056.0
593,1,1.7,1,1,0,1,0,in_building,apartment,916.0
1313,4,1.0,1,1,1,1,0,in_building,studio,1652.0
1155,2,0.3,1,1,1,1,0,in_building,house,1366.0
995,3,0.7,1,1,0,0,0,none,studio,1141.0
793,2,7.5,1,1,1,1,0,none,house,1043.0
610,2,0.9,1,1,1,0,0,none,apartment,1163.0
756,2,0.5,1,1,0,1,1,none,house,1256.0
1122,2,1.5,1,0,1,1,1,none,studio,1211.0
1321,2,0.9,1,1,1,0,1,in_unit,studio,1357.0
1235,2,0.2,1,0,1,1,0,none,house,1309.0
727,2,1.0,1,0,0,1,0,in_building,apartment,985.0
570,1,2.0,1,1,1,0,0,in_building,house,868.0
885,3,2.0,1,0,0,1,1,in_unit,studio,1209.0
407,1,1.1,1,1,1,1,0,in_building,house,1059.0
930,2,1.5,1,1,1,0,0,in_building,studio,1146.0
813,1,8.4,0,1,1,1,0,in_building,house,871.0
733,2,1.2,1,1,0,1,0,in_building,apartment,1222.0
451,3,0.7,0,1,0,0,1,none,studio,1012.0
978,1,0.7,1,0,0,0,1,none,apartment,986.0
716,1,1.5,1,1,0,1,1,in_building,house,1049.0
557,1,3.6,1,1,1,1,0,in_building,apartment,1038.0
300,2,0.6,1,1,1,0,1,in_building,apartment,1071.0
843,3,3.1,0,1,1,0,0,in_building,house,1150.0
1293,1,0.2,1,0,1,1,1,in_unit,house,1254.0
1265,3,1.4,1,0,0,1,0,none,studio,1317.0
735,2,3.7,1,0,0,1,0,in_building,studio,860.0
699,2,1.0,1,1,0,1,0,in_unit,studio,1188.0
967,4,2.1,1,1,1,1,0,in_building,house,1401.0
600,2,0.6,1,1,1,1,1,in_building,studio,1206.0
925,2,3.4,1,1,0,1,1,in_building,studio,1144.0
1041,1,0.2,0,1,0,1,0,in_unit,house,1154.0
1156,1,4.8,0,1,1,1,0,none,studio,943.0
824,1,0.6,1,0,1,1,0,in_building,shared_house,1095.0
799,1,5.2,1,0,1,1,1,in_unit,apartment,985.0
630,2,1.1,1,1,1,1,0,in_unit,shared_house,1137.0
643,2,3.2,1,1,0,1,0,in_building,apartment,982.0
793,2,1.0,1,1,1,0,0,in_unit,apartment,1206.0
941,1,5.9,0,0,1,1,0,in_unit,apartment,862.0
1078,1,0.3,1,1,0,1,1,in_building,studio,1080.0
649,2,0.5,1,0,1,0,0,in_building,apartment,1030.0
1223,4,1.7,0,0,1,1,0,in_unit,shared_house,1401.0
782,1,0.2,1,1,0,0,1,in_building,shared_house,1038.0
844,3,0.5,1,0,1,1,0,in_building,studio,1243.0
663,2,7.2,1,0,0,0,0,in_unit,house,913.0
300,2,9.4,1,0,0,1,0,in_building,shared_house,674.0
1071,2,1.2,1,0,1,1,0,in_unit,shared_house,1196.0
1034,1,6.4,1,1,0,0,0,in_unit,house,997.0
779,1,2.0,1,1,1,1,1,in_building,studio,1045.0
866,2,0.8,1,0,1,0,1,in_building,studio,1009.0
978,2,3.0,1,0,0,1,1,in_unit,studio,1100.0
459,4,2.7,1,0,1,1,1,in_building,apartment,1323.0
717,2,10.0,1,1,1,0,0,none,house,882.0
1048,1,0.8,0,0,1,1,0,none,apartment,931.0
536,3,2.8,1,1,1,0,0,none,apartment,1125.0
923,1,0.2,1,0,0,1,1,none,studio,922.0
510,2,0.3,1,0,1,1,0,none,shared_house,1048.0
966,2,0.2,0,1,1,1,0,none,shared_house,1216.0
841,4,10.0,1,1,1,1,0,in_building,studio,1137.0
446,3,4.1,1,0,0,1,0,in_building,studio,898.0
1141,2,3.9,0,1,1,1,0,in_unit,apartment,1203.0
666,2,1.8,0,1,0,1,1,in_building,studio,999.0
647,4,0.9,1,1,1,0,0,none,apartment,1305.0
900,1,0.4,1,1,1,1,1,in_building,apartment,1141.0
1137,1,0.8,1,1,1,0,0,none,studio,1135.0
596,1,1.2,1,1,1,0,1,in_building,apartment,995.0
865,1,3.5,1,0,0,1,1,in_building,apartment,955.0
957,2,1.9,1,1,0,1,1,in_building,shared_house,1241.0
1023,2,0.2,1,1,0,1,0,in_building,apartment,1297.0
894,2,0.2,1,0,0,1,0,in_building,apartment,1084.0
758,1,0.3,0,0,0,1,0,none,apartment,791.0
643,3,1.3,1,0,1,1,0,none,apartment,1140.0
871,2,6.8,1,1,1,0,0,none,apartment,1019.0
581,2,2.5,1,1,0,1,1,in_building,studio,996.0
300,2,4.0,1,1,1,1,0,none,apartment,929.0
959,2,1.6,0,0,1,1,0,in_building,shared_house,1163.0
1075,1,1.1,1,1,1,1,0,in_building,apartment,1120.0
300,1,0.3,1,1,1,1,1,none,house,972.0
597,3,5.2,1,1,0,1,1,in_building,studio,1158.0
1004,4,3.8,1,1,1,1,0,in_unit,studio,1415.0
1364,2,0.5,0,1,1,1,0,in_building,studio,1261.0
855,1,1.8,1,1,0,1,1,none,shared_house,1108.0
667,2,1.7,1,1,0,0,0,in_building,apartment,1055.0
804,3,2.5,1,1,0,0,0,in_building,house,1211.0
1193,3,7.3,1,1,0,0,1,in_building,shared_house,1217.0
688,1,2.2,1,1,1,1,1,none,apartment,1025.0
650,1,1.9,1,0,1,1,0,none,apartment,865.0
729,3,0.2,0,0,0,1,0,in_building,apartment,1114.0
611,2,0.2,1,0,1,0,0,in_unit,studio,942.0
880,1,0.5,1,1,1,1,0,in_building,apartment,1153.0
1256,1,0.2,0,1,0,1,0,in_building,apartment,1180.0
930,2,3.4,1,0,0,1,0,none,house,1102.0
786,3,3.2,1,0,0,1,0,in_unit,studio,1140.0
777,4,0.4,1,1,0,1,0,in_building,apartment,1412.0
459,2,4.5,1,1,0,0,0,none,apartment,898.0
1070,2,0.4,1,1,0,0,0,in_building,studio,1185.0
830,1,0.9,0,1,1,0,0,none,shared_house,958.0
804,2,0.7,1,1,1,1,0,none,studio,1129.0
1648,2,1.2,1,1,0,0,0,none,studio,1275.0
924,2,0.7,1,1,0,1,0,in_building,apartment,1255.0
662,2,1.7,1,0,1,1,1,in_building,apartment,1024.0
743,1,1.3,0,1,1,1,0,none,house,999.0
1137,1,10.0,1,0,1,1,1,in_building,shared_house,763.0
878,2,0.2,1,1,1,0,0,in_building,house,1191.0
490,1,0.4,0,1,0,1,0,in_building,shared_house,830.0
1079,1,0.2,1,1,0,1,0,in_building,shared_house,1211.0
682,4,2.5,1,0,1,0,0,none,apartment,1235.0
1318,2,0.2,1,1,0,1,1,in_unit,apartment,1430.0
1120,2,4.5,1,0,1,1,1,in_unit,apartment,1240.0
738,3,1.8,1,0,1,1,1,none,apartment,1264.0
1170,4,1.9,1,0,1,1,0,none,apartment,1445.0
866,2,2.1,1,1,0,1,0,in_building,shared_house,1088.0
1063,3,0.5,1,1,1,1,0,in_building,apartment,1448.0
971,2,0.6,0,1,1,0,0,in_building,apartment,1157.0
638,2,1.0,0,1,0,0,0,in_building,apartment,928.0
689,2,2.3,0,1,0,0,1,none,shared_house,979.0
1107,2,0.6,0,1,1,1,1,in_unit,studio,1282.0
766,2,0.3,0,1,1,1,0,in_unit,shared_house,1189.0
749,2,8.8,1,1,1,1,0,in_building,shared_house,971.0
611,1,0.2,1,1,0,1,0,in_building,house,1081.0
955,2,4.1,0,1,1,1,0,in_unit,apartment,1133.0
1365,1,3.9,1,1,1,1,0,in_unit,apartment,1260.0
583,2,0.9,1,1,1,1,1,none,apartment,1159.0
856,2,0.4,1,0,1,0,0,in_unit,studio,1041.0
1203,3,0.4,1,0,1,1,0,none,apartment,1449.0
830,3,3.0,1,1,1,1,0,in_building,apartment,1209.0
963,3,2.6,1,0,0,0,0,in_building,studio,1119.0
584,2,3.8,1,0,1,1,1,in_building,studio,912.0
957,3,6.9,1,1,1,1,0,in_building,studio,1124.0
803,2,2.9,1,0,0,0,1,in_building,apartment,1016.0
1096,1,0.4,1,1,1,0,0,in_building,shared_house,1085.0
1146,1,0.7,1,1,1,0,1,none,house,1193.0
1497,1,4.6,1,1,0,1,0,none,apartment,1138.0
994,2,0.6,1,0,0,1,0,in_building,studio,1080.0
931,2,0.2,0,0,1,1,1,in_building,shared_house,1104.0
898,3,3.0,0,1,0,1,1,none,apartment,1286.0
761,1,1.3,1,0,1,1,1,in_building,apartment,1108.0
934,1,6.3,1,0,0,1,0,none,house,767.0
776,4,2.6,1,0,1,1,1,none,apartment,1358.0
892,1,0.2,1,0,0,1,1,in_unit,shared_house,1105.0
1179,2,7.4,1,0,0,1,0,in_building,apartment,1045.0
598,2,0.7,0,1,1,1,1,in_building,studio,1029.0
1134,2,1.0,0,0,1,1,0,none,studio,1066.0
1179,1,1.3,1,0,0,1,0,in_building,studio,980.0
820,1,0.2,0,1,0,0,0,none,apartment,912.0
319,1,1.7,0,1,1,0,1,in_building,apartment,766.0
698,2,0.3,1,0,1,1,0,in_unit,apartment,1140.0
1174,2,1.3,0,0,1,0,0,in_unit,apartment,1074.0
844,1,1.1,1,1,1,1,0,in_building,apartment,1113.0
600,2,3.7,1,1,1,1,0,in_building,shared_house,1003.0
723,3,4.1,1,1,1,0,0,in_building,apartment,1179.0
1060,1,0.4,1,1,1,0,0,in_building,studio,1058.0
986,2,1.1,1,0,1,0,1,in_unit,house,1245.0
790,2,1.2,1,1,0,0,1,in_unit,studio,1159.0
758,1,0.4,1,0,0,1,1,none,shared_house,1035.0
752,2,4.0,1,1,0,1,1,in_building,apartment,999.0
619,2,3.1,0,1,0,1,0,in_building,shared_house,916.0
1253,3,0.5,0,1,0,1,0,none,studio,1290.0
769,3,1.1,1,0,1,1,0,none,shared_house,1217.0
1154,2,0.3,1,0,1,1,0,in_unit,studio,1161.0
1230,3,2.5,1,1,1,1,1,in_building,house,1481.0
1099,2,0.3,1,1,0,1,0,none,apartment,1292.0
742,2,10.0,0,1,0,0,1,none,apartment,774.0
950,2,3.8,1,0,1,0,0,none,house,1065.0
843,1,1.2,1,0,0,0,1,in_building,shared_house,949.0
624,3,2.2,1,1,1,0,0,in_unit,studio,1168.0
931,2,6.1,1,0,1,1,0,in_building,apartment,1032.0
555,2,2.0,1,1,0,0,1,none,shared_house,1007.0
1146,4,0.5,1,1,0,1,0,in_building,studio,1516.0
733,1,1.2,0,1,1,1,1,in_unit,apartment,970.0
900,2,4.6,1,1,1,1,0,none,apartment,1206.0
920,1,2.6,1,1,1,1,0,in_building,apartment,1005.0
785,3,2.6,1,0,1,0,1,in_unit,shared_house,1138.0
996,3,5.0,1,1,0,1,0,in_unit,shared_house,1248.0
731,2,5.6,0,0,1,0,1,in_building,apartment,898.0
1067,2,6.3,1,1,0,1,0,in_building,apartment,980.0
513,2,0.2,1,0,0,1,0,in_building,studio,932.0
881,3,2.0,0,1,1,1,0,in_unit,shared_house,1314.0
1334,2,3.4,1,0,1,1,0,in_unit,studio,1250.0
599,2,3.5,1,0,0,1,0,in_building,studio,833.0
680,4,2.3,1,1,0,0,0,in_building,apartment,1265.0
978,1,0.5,1,0,0,0,0,in_unit,house,1010.0
894,1,4.0,1,1,0,1,0,in_building,apartment,985.0
937,2,3.2,1,1,0,1,0,in_unit,shared_house,1126.0
972,4,0.2,1,0,1,1,0,in_building,apartment,1414.0
1008,2,1.6,1,1,1,0,0,in_unit,shared_house,1254.0
1127,1,0.5,1,0,1,1,0,in_unit,apartment,1175.0
952,2,1.0,0,0,1,1,0,in_building,shared_house,1105.0
789,2,0.2,1,1,1,1,0,in_building,apartment,1260.0
1018,1,1.3,1,1,1,1,0,none,house,1219.0
1324,2,2.0,1,0,1,1,1,in_unit,studio,1323.0
816,4,2.4,1,1,0,0,1,in_unit,apartment,1315.0
606,2,2.7,1,1,1,1,0,in_building,shared_house,1053.0
1126,2,4.5,1,1,1,0,0,none,studio,1079.0
819,2,0.6,1,0,1,0,1,in_building,house,1158.0
306,1,0.3,0,1,1,1,0,in_building,shared_house,828.0
1061,3,4.8,0,1,1,1,1,in_building,shared_house,1308.0
716,2,0.4,1,1,1,1,1,in_unit,house,1408.0
827,2,9.2,0,1,0,1,0,none,shared_house,832.0
932,2,4.6,1,1,1,1,0,in_building,apartment,1172.0
897,2,1.7,0,0,0,0,1,none,apartment,1011.0
1027,2,10.0,1,1,0,1,1,in_building,studio,875.0
741,1,0.3,1,1,0,0,0,in_building,apartment,1002.0
978,3,0.9,1,0,1,1,0,in_unit,house,1419.0
785,4,2.5,1,1,0,1,0,in_building,apartment,1341.0
1034,2,1.1,1,1,1,1,0,in_unit,house,1314.0
1003,4,6.6,0,1,0,1,1,in_building,shared_house,1255.0
616,1,0.2,0,1,1,0,1,in_building,studio,897.0
1121,2,2.0,1,0,1,1,0,none,shared_house,1131.0
716,2,2.2,1,1,0,0,1,in_building,studio,1119.0
1052,2,2.6,1,1,0,0,0,in_building,apartment,1139.0
941,2,0.7,1,1,1,0,0,in_unit,apartment,1206.0
1309,2,1.1,1,1,1,1,0,in_building,apartment,1401.0
794,1,4.6,1,1,1,1,0,in_unit,shared_house,1051.0
762,2,0.5,0,1,0,1,0,none,apartment,1082.0
845,1,4.4,1,1,1,1,0,none,apartment,1026.0
774,3,2.1,1,1,1,1,1,in_building,shared_house,1289.0
1049,1,3.6,1,1,0,1,1,in_unit,studio,1136.0
445,1,3.1,1,1,1,1,0,in_building,apartment,948.0
586,2,0.6,1,0,0,1,0,none,apartment,1044.0
583,2,2.1,1,0,1,1,0,in_building,shared_house,1017.0
1087,3,5.1,1,1,1,0,1,in_unit,shared_house,1355.0
1277,2,1.4,0,0,0,1,0,none,apartment,1096.0
823,2,8.5,0,1,0,1,0,none,house,871.0
807,3,1.5,1,0,0,0,0,in_unit,shared_house,1198.0
867,2,0.4,1,1,1,1,0,none,studio,1252.0
1140,1,1.2,1,0,1,0,0,in_building,shared_house,991.0
618,2,7.6,0,0,1,0,1,in_building,house,810.0
909,4,1.0,0,1,1,0,1,in_building,shared_house,1369.0
1093,2,5.1,1,1,0,1,0,none,apartment,1108.0
975,1,5.3,1,1,1,1,0,in_building,apartment,1055.0
897,1,1.1,1,1,1,1,0,in_unit,studio,1152.0
1100,1,0.2,1,1,1,0,1,none,house,1249.0
300,2,3.2,0,0,0,1,0,in_unit,shared_house,755.0
1019,2,0.9,1,1,0,1,0,none,apartment,1263.0
686,1,3.8,1,1,1,0,0,in_building,shared_house,890.0
392,4,1.5,1,1,1,1,0,in_unit,apartment,1361.0
977,3,1.7,1,0,0,0,0,in_unit,studio,1204.0
1193,2,3.8,1,1,1,0,0,none,apartment,1110.0
815,3,1.2,0,0,1,1,0,in_building,studio,1135.0
1088,1,1.5,1,1,0,1,0,in_building,studio,1007.0
1253,2,1.2,0,1,1,0,0,in_building,apartment,1298.0
1178,2,1.1,1,0,1,0,0,none,apartment,1151.0
1259,3,1.9,1,1,0,0,0,in_building,house,1349.0
1035,3,4.1,1,0,1,0,0,in_building,shared_house,1191.0
868,1,1.1,1,1,1,0,0,in_building,apartment,1087.0
449,4,1.9,1,0,1,1,1,none,apartment,1195.0
788,1,2.8,0,1,0,1,0,in_building,apartment,865.0
639,3,0.8,1,0,0,1,0,in_building,shared_house,1121.0
1392,4,0.8,1,1,1,1,0,none,apartment,1609.0
806,1,6.8,1,1,0,1,0,none,apartment,820.0
880,3,3.2,1,1,1,0,0,in_unit,studio,1217.0
987,1,2.2,1,0,0,0,1,none,studio,836.0
860,2,2.6,1,1,0,1,0,in_building,apartment,1172.0
1273,2,0.2,1,0,1,0,0,in_unit,shared_house,1337.0
694,2,2.4,0,1,1,0,1,in_building,studio,974.0
898,4,1.8,1,0,1,0,1,in_building,house,1396.0
664,2,2.0,1,1,0,1,1,none,apartment,1213.0
519,2,1.1,1,0,1,1,1,in_building,shared_house,995.0
697,3,0.2,0,0,0,1,1,in_building,apartment,1202.0
840,4,0.5,1,0,1,1,0,in_building,apartment,1447.0
742,1,7.5,0,1,1,1,0,in_building,apartment,853.0
676,4,1.3,1,0,0,1,0,in_unit,studio,1286.0
498,1,1.6,1,1,1,0,1,in_unit,studio,939.0
829,3,0.2,1,1,0,0,1,in_building,studio,1218.0
473,1,0.2,1,1,1,0,0,none,apartment,989.0
1040,1,3.2,1,1,1,0,0,in_building,studio,1049.0
870,2,1.9,1,0,1,0,1,in_building,studio,1087.0
485,2,1.8,1,1,1,0,1,in_building,apartment,1078.0
772,2,0.7,1,0,0,1,0,in_building,shared_house,1027.0
661,1,3.4,1,1,0,1,1,none,apartment,968.0
929,2,0.5,1,0,0,1,0,none,studio,1093.0
1185,4,0.5,1,1,1,1,0,in_building,apartment,1666.0
381,2,1.5,1,1,1,1,0,in_building,studio,979.0
878,1,0.8,1,1,0,1,0,in_building,shared_house,1087.0
809,2,0.7,1,0,1,1,0,in_building,shared_house,1063.0
1017,1,2.6,1,1,0,0,1,in_building,apartment,1112.0
903,3,2.6,0,0,0,0,1,none,house,1063.0
662,3,4.4,1,1,1,1,1,none,apartment,1255.0
770,2,1.4,1,1,1,1,0,in_building,shared_house,1136.0
650,2,0.2,1,1,1,0,0,none,studio,1098.0
1119,3,0.8,1,1,0,0,0,none,apartment,1352.0
855,2,9.8,0,1,1,1,0,none,apartment,850.0
1325,3,2.3,1,1,0,0,0,none,shared_house,1376.0
834,2,3.1,1,1,0,1,0,in_building,house,1132.0
672,3,0.2,1,1,1,0,0,in_building,apartment,1303.0
471,2,1.8,0,1,1,1,1,none,apartment,1019.0
399,2,0.2,1,0,0,0,0,none,apartment,806.0
453,4,2.1,1,1,0,1,1,none,studio,1171.0
916,2,6.3,0,1,1,0,0,in_unit,shared_house,962.0
977,2,8.6,1,0,0,1,1,in_building,shared_house,996.0
454,1,1.9,1,1,1,1,0,in_unit,house,1062.0
1073,2,1.5,1,1,1,1,0,in_building,shared_house,1364.0
729,2,7.3,0,0,0,1,0,in_unit,house,921.0
886,1,2.8,0,1,1,1,1,in_unit,apartment,1052.0
1253,1,0.2,1,1,1,1,0,in_unit,shared_house,1294.0
1074,2,1.6,0,1,0,1,0,in_building,apartment,1159.0
782,3,0.7,1,1,1,1,1,in_building,apartment,1362.0
627,2,1.6,1,1,0,1,0,in_unit,shared_house,1029.0
312,1,1.5,1,0,1,0,0,in_building,apartment,764.0
670,2,2.2,1,1,0,1,0,in_unit,studio,1001.0
797,1,1.1,1,1,1,1,0,none,shared_house,1064.0
603,2,0.4,1,1,0,1,0,in_building,house,1254.0
817,1,1.8,1,1,0,1,0,in_building,apartment,1019.0
869,1,4.4,0,1,1,1,0,none,apartment,941.0
793,1,2.7,0,1,0,1,0,in_building,apartment,967.0
687,2,1.0,1,1,0,1,1,none,house,1203.0
892,1,6.9,1,1,0,1,0,in_building,studio,858.0
960,2,6.1,1,1,0,1,0,none,house,1077.0
577,2,0.6,1,1,1,1,0,in_building,house,1184.0
1202,2,0.2,1,1,1,1,0,none,studio,1261.0
825,2,3.4,0,0,0,1,0,none,studio,885.0
854,3,4.4,1,1,1,1,0,in_building,shared_house,1169.0
1027,1,8.6,1,1,1,1,0,in_building,apartment,1005.0
908,2,5.5,1,1,1,0,1,in_building,shared_house,1030.0
1088,1,2.3,1,1,0,1,0,in_unit,studio,1125.0
921,1,1.9,0,1,1,1,0,in_building,apartment,1029.0
696,2,0.2,1,0,1,0,0,none,apartment,982.0
940,2,0.7,1,1,1,0,0,in_building,apartment,1254.0
564,3,1.5,1,1,1,1,1,in_building,studio,1264.0
877,2,2.5,1,0,0,1,0,none,apartment,1022.0
841,4,2.0,1,0,1,1,0,in_building,shared_house,1367.0
797,1,3.4,1,1,1,1,0,in_unit,studio,894.0
817,1,0.8,1,1,1,1,0,none,shared_house,1023.0
379,1,2.1,0,1,0,1,0,none,apartment,838.0
712,1,0.2,1,1,1,0,0,in_unit,apartment,1063.0
873,2,1.3,0,1,1,1,0,none,apartment,1063.0
889,2,3.5,1,1,1,0,0,in_building,apartment,1095.0
593,1,3.0,1,1,1,1,0,in_building,shared_house,916.0
1166,4,10.0,1,0,1,1,0,in_unit,apartment,1251.0
633,3,0.8,1,1,0,1,0,in_building,house,1261.0
1092,1,1.7,1,1,1,1,0,in_building,apartment,1199.0
956,1,1.0,1,1,0,0,1,in_building,house,1121.0
688,1,1.5,1,1,1,1,0,none,shared_house,1077.0
1293,1,4.9,1,1,0,0,1,in_unit,studio,1075.0
551,1,2.9,1,0,1,0,0,none,studio,736.0
1079,2,5.4,1,0,1,1,1,in_building,apartment,1188.0
1100,1,0.6,1,0,1,0,0,none,shared_house,1010.0
682,2,5.2,1,0,0,1,0,in_building,studio,786.0
1198,4,0.2,1,1,1,1,1,in_unit,house,1788.0
787,2,5.5,1,0,0,0,1,in_unit,house,987.0
922,4,1.0,0,0,0,0,0,none,shared_house,1189.0
915,1,0.9,1,1,0,1,0,none,studio,985.0
816,2,1.8,1,1,1,1,0,in_building,studio,1114.0
1052,2,7.1,1,0,1,1,1,in_building,house,1143.0
1048,1,0.2,1,1,1,1,0,in_building,apartment,1265.0
412,1,1.1,1,1,1,1,0,none,studio,916.0
1176,2,4.9,1,0,0,1,1,none,studio,1080.0
434,2,1.3,1,0,1,0,1,none,house,1009.0
1108,2,0.6,0,1,0,1,0,none,studio,1136.0
1131,2,1.4,0,1,0,1,0,none,apartment,1176.0
577,2,1.2,1,1,0,1,1,in_building,studio,1120.0
747,1,6.2,1,0,1,1,0,none,shared_house,779.0
573,2,3.6,1,1,1,1,1,none,shared_house,1089.0
796,1,1.8,0,1,0,0,0,none,apartment,838.0
772,1,10.0,1,0,1,1,0,in_building,house,731.0
1044,4,1.6,1,1,1,1,0,in_unit,shared_house,1537.0
1177,2,0.2,1,1,0,1,0,in_building,studio,1230.0
1198,3,0.8,0,0,1,0,1,in_building,house,1361.0
709,2,1.4,0,1,1,1,0,in_building,shared_house,1025.0
797,2,0.4,1,1,1,1,0,in_building,house,1281.0
429,1,7.4,0,0,1,1,0,in_building,house,644.0
648,1,3.6,1,1,1,0,0,in_building,apartment,837.0
1091,1,0.8,1,0,0,1,0,in_building,apartment,1048.0
1253,3,2.2,0,1,1,0,0,in_unit,apartment,1374.0
541,2,3.2,0,0,1,1,0,none,shared_house,873.0
701,2,7.1,1,0,0,1,1,none,house,903.0
843,2,5.3,0,1,1,0,1,in_unit,house,1107.0
920,4,1.8,1,1,1,1,0,none,shared_house,1443.0
647,1,3.7,1,1,0,1,0,none,studio,836.0
956,1,2.1,1,1,1,1,0,in_unit,studio,1103.0
731,2,2.0,1,0,1,1,0,in_building,apartment,1118.0
846,3,0.3,0,1,0,1,1,in_building,shared_house,1247.0
986,4,0.3,1,1,0,1,0,in_building,apartment,1484.0
851,1,1.9,1,0,0,1,0,none,apartment,901.0
740,3,0.8,1,1,1,1,0,in_building,apartment,1320.0
822,3,0.2,1,1,1,1,0,in_unit,apartment,1476.0
827,1,3.2,1,1,1,0,0,none,apartment,999.0
757,2,0.2,1,1,0,1,0,in_building,studio,1068.0
785,2,2.3,0,0,0,1,0,none,apartment,909.0
1249,4,1.9,1,1,0,1,1,in_unit,studio,1567.0
990,1,8.7,1,1,1,1,1,in_building,apartment,945.0
776,3,1.7,1,1,1,1,1,in_building,apartment,1328.0
1024,2,0.2,0,1,1,1,1,in_unit,house,1413.0
766,3,2.0,1,1,0,1,0,in_building,shared_house,1210.0
1143,2,4.6,1,1,1,1,1,in_unit,shared_house,1335.0
942,2,10.0,0,1,1,0,0,in_building,shared_house,906.0
823,3,1.4,1,1,0,1,0,in_building,studio,1193.0
961,3,1.0,1,1,1,1,1,in_unit,studio,1366.0
457,3,5.9,1,1,0,1,0,none,studio,931.0
568,1,0.5,0,1,0,1,1,in_unit,studio,865.0
551,2,2.4,1,0,0,0,0,in_building,apartment,896.0
885,1,1.3,1,1,1,0,1,in_building,house,1131.0
1283,2,0.2,1,0,1,1,0,in_building,apartment,1339.0
1407,2,1.1,1,1,0,1,0,in_building,house,1482.0
1009,2,0.8,1,1,0,1,0,in_unit,house,1356.0
975,2,2.9,1,1,1,1,1,none,apartment,1276.0
399,4,7.4,1,1,1,0,0,in_building,apartment,989.0
714,1,0.8,1,1,1,0,0,in_unit,apartment,1076.0
653,2,4.2,1,0,0,1,0,in_building,shared_house,990.0
694,2,0.2,1,1,0,1,0,none,apartment,1011.0
807,1,1.9,1,1,0,1,0,in_building,apartment,1066.0
731,1,0.2,1,1,0,1,0,in_unit,shared_house,1063.0
355,4,6.8,1,1,1,1,1,in_building,house,1172.0
1036,3,3.6,0,1,1,0,0,in_building,apartment,1251.0
581,4,2.7,1,1,1,1,0,in_building,apartment,1419.0
909,4,4.3,1,1,1,1,0,none,apartment,1424.0
1368,1,2.6,1,1,0,0,0,in_building,apartment,1134.0
620,2,8.7,0,0,0,1,0,in_building,apartment,664.0
300,2,3.1,1,1,1,1,1,none,house,1049.0
778,2,6.5,1,1,0,1,0,in_building,shared_house,1027.0
1125,2,1.8,0,0,0,1,0,in_building,studio,1002.0
1339,2,0.3,1,0,0,1,0,in_building,studio,1207.0
542,2,1.9,1,1,0,0,0,in_building,apartment,1130.0
974,2,0.3,1,1,0,0,0,in_building,apartment,1250.0
733,1,2.2,0,0,1,0,0,in_building,shared_house,842.0
823,2,1.6,1,1,1,1,1,none,apartment,1174.0
1511,2,2.4,1,1,0,0,0,none,shared_house,1255.0
474,2,0.2,1,0,0,1,0,none,house,1003.0
913,1,0.5,1,0,1,0,0,in_building,shared_house,939.0
966,3,1.7,1,1,0,1,0,in_building,apartment,1409.0
1121,1,7.5,0,0,0,0,1,in_unit,apartment,871.0
874,2,1.2,1,1,0,1,0,in_building,studio,1106.0
927,3,1.4,1,1,0,0,1,none,studio,1303.0
752,2,3.1,0,0,1,1,0,in_building,apartment,970.0
917,1,2.3,1,0,1,1,0,none,shared_house,1088.0
764,2,0.9,0,0,0,1,0,in_unit,apartment,1027.0
1005,2,1.3,1,0,0,0,0,in_building,apartment,1109.0
757,3,0.6,1,0,0,0,0,in_building,studio,1130.0
944,3,8.5,0,1,0,1,0,in_building,studio,1033.0
842,2,0.3,1,0,1,1,0,none,shared_house,1149.0
1131,2,1.2,1,1,1,1,0,none,house,1343.0
837,1,0.2,1,1,1,1,0,in_unit,apartment,1200.0
406,1,0.6,0,0,1,1,0,in_unit,studio,727.0
1165,2,3.8,1,0,1,1,1,in_unit,apartment,1251.0
623,2,0.6,1,0,1,1,0,in_building,house,1060.0
686,2,0.2,1,0,0,1,1,in_building,house,1054.0
701,1,1.6,1,1,0,0,0,none,apartment,930.0
1193,1,0.2,1,0,1,1,0,in_building,house,1258.0
316,2,0.2,0,1,0,0,0,in_building,house,966.0
1634,1,4.1,1,1,1,1,0,none,studio,1215.0
1114,3,3.7,0,1,1,1,0,in_building,studio,1308.0
905,1,6.2,1,1,1,1,0,in_building,apartment,965.0
836,2,4.8,1,1,0,1,0,in_unit,apartment,1022.0
921,4,2.9,1,0,1,1,0,in_building,apartment,1257.0
980,1,0.2,0,0,0,1,1,in_building,apartment,954.0
1011,2,3.8,1,1,1,1,0,in_building,studio,1187.0
988,1,4.7,1,0,0,0,0,none,shared_house,786.0
872,2,4.0,1,1,1,0,0,none,studio,1036.0
800,2,1.8,1,1,1,1,1,none,studio,1230.0
812,2,0.7,1,1,1,0,0,in_building,house,1164.0
801,2,4.7,1,1,1,1,0,none,apartment,1121.0
1133,3,3.2,1,1,1,1,1,in_building,shared_house,1445.0
998,1,9.9,1,1,1,1,1,in_building,shared_house,894.0
300,1,0.4,1,1,1,1,0,in_building,house,1044.0
1013,3,0.6,1,1,0,1,0,in_unit,apartment,1404.0
898,2,0.6,1,1,1,1,1,in_building,studio,1229.0
845,3,3.9,0,1,1,1,1,in_building,apartment,1334.0
752,2,0.5,1,1,1,0,0,none,studio,1102.0
1131,3,0.2,1,1,0,1,0,in_building,shared_house,1461.0
1086,2,10.0,0,1,1,1,0,none,apartment,1021.0
656,3,0.2,1,1,0,1,0,in_building,shared_house,1224.0
951,4,4.5,1,0,0,1,0,in_unit,shared_house,1334.0
607,2,1.1,1,1,1,1,0,in_building,shared_house,1117.0
505,1,4.6,1,0,0,1,1,in_building,house,794.0
693,1,2.0,1,1,0,1,1,in_unit,apartment,1050.0
1065,1,5.8,0,1,1,1,0,in_building,studio,881.0
1088,1,6.5,1,1,0,0,0,in_building,house,1003.0
978,2,0.2,1,0,0,1,0,in_building,apartment,1178.0
1031,2,0.2,1,1,0,1,0,none,house,1273.0
979,2,0.7,1,1,1,0,0,in_building,studio,1202.0
689,2,2.8,0,0,1,1,0,in_unit,apartment,975.0
957,2,5.5,1,0,1,0,0,none,apartment,955.0
1050,1,1.5,1,1,0,1,0,in_building,apartment,1135.0
1038,1,2.3,1,1,0,1,1,none,studio,1075.0
1147,1,0.5,1,0,0,1,0,none,studio,1024.0
1027,2,4.1,1,1,1,1,0,none,apartment,1180.0
937,1,8.6,1,1,1,0,1,in_building,shared_house,928.0
1117,1,0.8,1,1,0,0,0,in_building,apartment,1107.0
843,2,1.7,1,1,0,1,0,in_building,studio,1075.0
629,3,0.2,1,1,0,1,0,in_building,studio,1128.0
809,1,2.0,1,1,1,1,1,in_building,studio,1097.0
663,2,1.7,1,1,1,1,0,in_building,apartment,1162.0
